"NAME","n_facilities_within_5km","near_pps"
"Los Angeles",267,TRUE
"Kern",232,TRUE
"Worcester",220,TRUE
"San Bernardino",157,TRUE
"Riverside",131,TRUE
"Fresno",107,TRUE
"Middlesex",99,TRUE
"Hampden",98,TRUE
"San Diego",90,TRUE
"Middlesex",87,TRUE
"Plymouth",84,TRUE
"Harris",83,TRUE
"Bristol",78,TRUE
"Hampshire",73,TRUE
"Imperial",73,TRUE
"Sacramento",72,TRUE
"Providence",69,TRUE
"Stearns",66,TRUE
"Orange",64,TRUE
"Tulare",63,TRUE
"Santa Clara",63,TRUE
"Hudson",61,TRUE
"Maricopa",60,TRUE
"Robeson",59,TRUE
"Clark",59,TRUE
"Norfolk",57,TRUE
"Burlington",56,TRUE
"Southeastern Connecticut",55,TRUE
"Solano",55,TRUE
"Saratoga",54,TRUE
"Suffolk",53,TRUE
"Bergen",53,TRUE
"Chisago",52,TRUE
"New York",51,TRUE
"Wright",51,TRUE
"Capitol",50,TRUE
"Dakota",50,TRUE
"Duplin",50,TRUE
"Franklin",49,TRUE
"Orange",49,TRUE
"St. Lawrence",49,TRUE
"Union",49,TRUE
"Kings",46,TRUE
"Somerset",45,TRUE
"Monmouth",45,TRUE
"Mercer",45,TRUE
"Queens",45,TRUE
"Johnston",44,TRUE
"Cook",43,TRUE
"Essex",43,TRUE
"Alameda",42,TRUE
"Rice",42,TRUE
"Kings",41,TRUE
"Prince George's",41,TRUE
"Pipestone",41,TRUE
"Contra Costa",40,TRUE
"Gloucester",40,TRUE
"Shasta",40,TRUE
"Sherburne",40,TRUE
"Richmond",40,TRUE
"Wayne",40,TRUE
"Camden",39,TRUE
"Adams",39,TRUE
"Rensselaer",39,TRUE
"Berkshire",39,TRUE
"Ulster",38,TRUE
"Somerset",38,TRUE
"Clackamas",38,TRUE
"Twin Falls",38,TRUE
"Albany",38,TRUE
"Nash",37,TRUE
"Polk",37,TRUE
"Baltimore",36,TRUE
"Weld",36,TRUE
"Renville",36,TRUE
"Madera",36,TRUE
"San Joaquin",36,TRUE
"Northeastern Connecticut",36,TRUE
"Goodhue",36,TRUE
"Waseca",36,TRUE
"Jefferson",35,TRUE
"Blue Earth",35,TRUE
"Morris",35,TRUE
"Westchester",35,TRUE
"Philadelphia",35,TRUE
"Monroe",35,TRUE
"Essex",34,TRUE
"Brazoria",34,TRUE
"Bucks",34,TRUE
"Cleveland",34,TRUE
"Marion",33,TRUE
"Hillsborough",33,TRUE
"Oswego",33,TRUE
"Halifax",33,TRUE
"Lewis",33,TRUE
"Erie",32,TRUE
"Pima",32,TRUE
"Bronx",32,TRUE
"Hennepin",30,TRUE
"Placer",30,TRUE
"Sampson",29,TRUE
"Monterey",29,TRUE
"Will",29,TRUE
"Dutchess",29,TRUE
"Carver",29,TRUE
"Kennebec",29,TRUE
"Northampton",28,TRUE
"Elmore",28,TRUE
"Dodge",28,TRUE
"Kent",28,TRUE
"Olmsted",28,TRUE
"Nicollet",27,TRUE
"Chittenden",27,TRUE
"Sonoma",26,TRUE
"Ventura",26,TRUE
"Washington",26,TRUE
"Hunterdon",26,TRUE
"Franklin",26,TRUE
"San Luis Obispo",26,TRUE
"Fulton",26,TRUE
"Lincoln",26,TRUE
"Fort Bend",25,TRUE
"Arapahoe",25,TRUE
"Washington",25,TRUE
"Pitt",25,TRUE
"Gaston",25,TRUE
"Benton",25,TRUE
"Murray",25,TRUE
"Harford",24,TRUE
"Nassau",24,TRUE
"Steele",24,TRUE
"Harnett",24,TRUE
"New Castle",24,TRUE
"Scotland",24,TRUE
"Sullivan",24,TRUE
"Washington",24,TRUE
"Stanislaus",24,TRUE
"Montgomery",24,TRUE
"South Central Connecticut",24,TRUE
"Salem",24,TRUE
"Warren",24,TRUE
"Oneida",24,TRUE
"Ocean",24,TRUE
"Lenoir",24,TRUE
"Schenectady",24,TRUE
"Hidalgo",23,TRUE
"Butte",23,TRUE
"Merced",23,TRUE
"Edgecombe",23,TRUE
"Yolo",23,TRUE
"Cumberland",23,TRUE
"Lancaster",23,TRUE
"Denver",23,TRUE
"Kandiyohi",23,TRUE
"Gooding",23,TRUE
"Le Sueur",23,TRUE
"Catawba",23,TRUE
"Clinton",23,TRUE
"Morrow",23,TRUE
"Montgomery",23,TRUE
"Wake",23,TRUE
"Marion",23,TRUE
"Tarrant",23,TRUE
"Naugatuck Valley",22,TRUE
"District of Columbia",22,TRUE
"El Dorado",22,TRUE
"Pinal",22,TRUE
"Moore",22,TRUE
"Columbus",22,TRUE
"Bexar",22,TRUE
"Tuolumne",22,TRUE
"Penobscot",22,TRUE
"Barnstable",22,TRUE
"Sibley",22,TRUE
"McLeod",22,TRUE
"Anderson",21,TRUE
"Travis",21,TRUE
"Hertford",21,TRUE
"Anne Arundel",21,TRUE
"Rowan",21,TRUE
"Lee",21,TRUE
"Umatilla",21,TRUE
"Pope",21,TRUE
"Cameron",20,TRUE
"Nevada",20,TRUE
"Galveston",20,TRUE
"Onondaga",20,TRUE
"Herkimer",20,TRUE
"Atlantic",20,TRUE
"Niagara",20,TRUE
"Pecos",20,TRUE
"Grafton",20,TRUE
"Adair",20,TRUE
"Huron",20,TRUE
"Craven",20,TRUE
"Howard",20,TRUE
"Dane",20,TRUE
"LaSalle",20,TRUE
"Sussex",20,TRUE
"Guilford",20,TRUE
"Randolph",20,TRUE
"Androscoggin",20,TRUE
"Chatham",20,TRUE
"Iron",20,TRUE
"Yamhill",20,TRUE
"Oxford",19,TRUE
"Cumberland",19,TRUE
"Martin",19,TRUE
"Mohave",19,TRUE
"Inyo",19,TRUE
"Delaware",19,TRUE
"Bladen",19,TRUE
"Chippewa",19,TRUE
"Winona",19,TRUE
"Merrimack",19,TRUE
"Greene",19,TRUE
"York",18,TRUE
"Mecklenburg",18,TRUE
"Gilliam",18,TRUE
"Fulton",18,TRUE
"Redwood",18,TRUE
"Northampton",18,TRUE
"Washoe",18,TRUE
"Cherokee",18,TRUE
"Suffolk",18,TRUE
"Beaver",18,TRUE
"Genesee",18,TRUE
"Ontario",18,TRUE
"Addison",18,TRUE
"Polk",18,TRUE
"Allegany",18,TRUE
"Baltimore",18,TRUE
"Columbia",18,TRUE
"Marinette",17,TRUE
"Calaveras",17,TRUE
"Richmond",17,TRUE
"Larimer",17,TRUE
"Klamath",17,TRUE
"Lake",17,TRUE
"Pittsylvania",17,TRUE
"Bertie",17,TRUE
"Spartanburg",17,TRUE
"Scott",17,TRUE
"Western Connecticut",17,TRUE
"Wilson",17,TRUE
"Hillsborough",17,TRUE
"El Paso",17,TRUE
"Story",17,TRUE
"Jerome",17,TRUE
"Cumberland",17,TRUE
"Rutland",17,TRUE
"Kankakee",17,TRUE
"Nolan",17,TRUE
"Bernalillo",17,TRUE
"DeKalb",16,TRUE
"Rockingham",16,TRUE
"Orangeburg",16,TRUE
"Darlington",16,TRUE
"York",16,TRUE
"Duval",16,TRUE
"Pender",16,TRUE
"Montgomery",16,TRUE
"Reeves",16,TRUE
"Logan",16,TRUE
"Wayne",16,TRUE
"Klickitat",16,TRUE
"Rockland",16,TRUE
"Kane",16,TRUE
"Caddo",16,TRUE
"Warren",16,TRUE
"Washington",16,TRUE
"Wyoming",16,TRUE
"Lincoln",16,TRUE
"Yuba",15,TRUE
"Livingston",15,TRUE
"Lexington",15,TRUE
"Hoke",15,TRUE
"Pueblo",15,TRUE
"Rutherford",15,TRUE
"Coos",15,TRUE
"Wood",15,TRUE
"Genesee",15,TRUE
"Calcasieu",15,TRUE
"Franklin",15,TRUE
"Brookings",15,TRUE
"Wabasha",15,TRUE
"Alamance",15,TRUE
"Dallas",15,TRUE
"Scurry",15,TRUE
"Nueces",14,TRUE
"Franklin",14,TRUE
"Boulder",14,TRUE
"Sandoval",14,TRUE
"Newport",14,TRUE
"Davidson",14,TRUE
"Stanly",14,TRUE
"Jackson",14,TRUE
"Windsor",14,TRUE
"Jones",14,TRUE
"Wayne",14,TRUE
"Warren",14,TRUE
"Vance",14,TRUE
"Polk",14,TRUE
"Greater Bridgeport",14,TRUE
"Perquimans",14,TRUE
"Carbon",14,TRUE
"Jackson",14,TRUE
"Steuben",14,TRUE
"Jackson",14,TRUE
"Greenville",14,TRUE
"Stephenson",14,TRUE
"Tioga",14,TRUE
"Caledonia",14,TRUE
"Lyon",14,TRUE
"Malheur",13,TRUE
"Somerset",13,TRUE
"Webb",13,TRUE
"Plumas",13,TRUE
"Salt Lake",13,TRUE
"Madison",13,TRUE
"Washington",13,TRUE
"Franklin",13,TRUE
"Florence",13,TRUE
"Utah",13,TRUE
"King",13,TRUE
"Hardee",13,TRUE
"Douglas",13,TRUE
"Greene",13,TRUE
"Benton",13,TRUE
"Ector",13,TRUE
"Indian River",13,TRUE
"Lee",13,TRUE
"Doña Ana",13,TRUE
"Washington",13,TRUE
"Arlington",13,TRUE
"Winnebago",13,TRUE
"St. Lucie",13,TRUE
"Ogle",13,TRUE
"Nobles",13,TRUE
"Ramsey",13,TRUE
"White",13,TRUE
"Bedford",12,TRUE
"Beaufort",12,TRUE
"Anson",12,TRUE
"Lane",12,TRUE
"Multnomah",12,TRUE
"Chester",12,TRUE
"St. Louis",12,TRUE
"Montgomery",12,TRUE
"Cattaraugus",12,TRUE
"Richmond",12,TRUE
"Jasper",12,TRUE
"Passaic",12,TRUE
"Lower Connecticut River Valley",12,TRUE
"Aroostook",12,TRUE
"Orange",12,TRUE
"Santa Barbara",12,TRUE
"Cayuga",12,TRUE
"Cabarrus",12,TRUE
"Schuylkill",12,TRUE
"Whatcom",12,TRUE
"Madison",12,TRUE
"DeKalb",12,TRUE
"Barnwell",12,TRUE
"Ada",12,TRUE
"Denton",12,TRUE
"Franklin",12,TRUE
"Ottawa",12,TRUE
"Whiteside",12,TRUE
"Northwest Hills",12,TRUE
"Rockingham",12,TRUE
"Carroll",12,TRUE
"Bureau",12,TRUE
"Lea",12,TRUE
"Outagamie",12,TRUE
"Linn",12,TRUE
"Lowndes",11,TRUE
"Worth",11,TRUE
"St. Clair",11,TRUE
"Baker",11,TRUE
"Alachua",11,TRUE
"Allegheny",11,TRUE
"San Mateo",11,TRUE
"Brunswick",11,TRUE
"Wayne",11,TRUE
"Prince William",11,TRUE
"Victoria",11,TRUE
"Carson",11,TRUE
"Churchill",11,TRUE
"Burke",11,TRUE
"Oconee",11,TRUE
"El Paso",11,TRUE
"DuPage",11,TRUE
"Linn",11,TRUE
"Garrett",11,TRUE
"Chesterfield",11,TRUE
"Yellow Medicine",11,TRUE
"McHenry",11,TRUE
"Manatee",11,TRUE
"Allegan",11,TRUE
"Grundy",11,TRUE
"Lake",11,TRUE
"St. Clair",11,TRUE
"Granville",11,TRUE
"Person",11,TRUE
"Miami-Dade",11,TRUE
"Champaign",11,TRUE
"Tompkins",11,TRUE
"Seneca",11,TRUE
"Yadkin",11,TRUE
"Oliver",11,TRUE
"Bonneville",11,TRUE
"Kent",10,TRUE
"Clay",10,TRUE
"Chautauqua",10,TRUE
"Horry",10,TRUE
"Aiken",10,TRUE
"York",10,TRUE
"Halifax",10,TRUE
"Henrico",10,TRUE
"Brevard",10,TRUE
"Sherman",10,TRUE
"Marlboro",10,TRUE
"Frederick",10,TRUE
"Strafford",10,TRUE
"Richland",10,TRUE
"Cuyahoga",10,TRUE
"San Patricio",10,TRUE
"Juneau",10,TRUE
"Mono",10,TRUE
"Lucas",10,TRUE
"Morton",10,TRUE
"Starr",10,TRUE
"Cowlitz",10,TRUE
"Fayette",10,TRUE
"Calumet",10,TRUE
"Chippewa",10,TRUE
"Cambria",10,TRUE
"Broome",10,TRUE
"Tehama",10,TRUE
"St. Joseph",10,TRUE
"Storey",10,TRUE
"McLean",10,TRUE
"Forsyth",10,TRUE
"Meeker",10,TRUE
"Mower",10,TRUE
"Tuscola",10,TRUE
"Jasper",10,TRUE
"Upton",10,TRUE
"West Baton Rouge",10,TRUE
"Luzerne",10,TRUE
"Woodward",10,TRUE
"Palm Beach",10,TRUE
"Taylor",10,TRUE
"Chesapeake",10,TRUE
"Hancock",10,TRUE
"Orleans",10,TRUE
"Washtenaw",10,TRUE
"Owyhee",9,TRUE
"Clinton",9,TRUE
"Cecil",9,TRUE
"Martin",9,TRUE
"Onslow",9,TRUE
"Accomack",9,TRUE
"Buffalo",9,TRUE
"Lake",9,TRUE
"East Baton Rouge",9,TRUE
"Cumberland",9,TRUE
"Westmoreland",9,TRUE
"Louisa",9,TRUE
"Sussex",9,TRUE
"Santa Rosa",9,TRUE
"Muscogee",9,TRUE
"Yuma",9,TRUE
"Andrews",9,TRUE
"Orleans",9,TRUE
"Sutter",9,TRUE
"Lee",9,TRUE
"Calhoun",9,TRUE
"Guadalupe",9,TRUE
"Northumberland",9,TRUE
"Cherokee",9,TRUE
"Jefferson",9,TRUE
"Humboldt",9,TRUE
"Jefferson",9,TRUE
"Cascade",9,TRUE
"Williamson",9,TRUE
"Greensville",9,TRUE
"Charles",9,TRUE
"Grant",9,TRUE
"Union",9,TRUE
"Caswell",9,TRUE
"Gates",9,TRUE
"Montrose",9,TRUE
"Windham",9,TRUE
"Lancaster",9,TRUE
"Lyon",9,TRUE
"Livingston",9,TRUE
"Peoria",9,TRUE
"Walton",9,TRUE
"Rock",9,TRUE
"Vernon",9,TRUE
"Lubbock",9,TRUE
"Gratiot",9,TRUE
"Campbell",9,TRUE
"Sangamon",9,TRUE
"Kay",9,TRUE
"Boone",9,TRUE
"Bennington",9,TRUE
"Winnebago",9,TRUE
"Sterling",9,TRUE
"Bradford",9,TRUE
"Lassen",9,TRUE
"Iredell",9,TRUE
"Alamosa",9,TRUE
"Kent",9,TRUE
"Kossuth",9,TRUE
"Butler",9,TRUE
"Converse",9,TRUE
"Borden",9,TRUE
"Torrance",9,TRUE
"Polk",9,TRUE
"Madison",9,TRUE
"Valencia",9,TRUE
"Canadian",9,TRUE
"Garfield",9,TRUE
"Escambia",8,TRUE
"Osage",8,TRUE
"Berkeley",8,TRUE
"Putnam",8,TRUE
"Daviess",8,TRUE
"Wharton",8,TRUE
"Lewis",8,TRUE
"Mesa",8,TRUE
"St. Bernard",8,TRUE
"Waldo",8,TRUE
"Queen Anne's",8,TRUE
"Menominee",8,TRUE
"Isle of Wight",8,TRUE
"Pierce",8,TRUE
"Berkeley",8,TRUE
"Montgomery",8,TRUE
"Crane",8,TRUE
"Essex",8,TRUE
"Kittitas",8,TRUE
"Paulding",8,TRUE
"Charles City",8,TRUE
"Cassia",8,TRUE
"Orange",8,TRUE
"Skagit",8,TRUE
"Hampton",8,TRUE
"Yakima",8,TRUE
"Hamilton",8,TRUE
"Chesterfield",8,TRUE
"Porter",8,TRUE
"Berrien",8,TRUE
"Collin",8,TRUE
"Surry",8,TRUE
"Lamoille",8,TRUE
"Early",8,TRUE
"Tippecanoe",8,TRUE
"Tioga",8,TRUE
"Ford",8,TRUE
"Hendry",8,TRUE
"Shiawassee",8,TRUE
"Suffolk",8,TRUE
"Black Hawk",8,TRUE
"Guthrie",8,TRUE
"Hendricks",8,TRUE
"Morgan",8,TRUE
"Cass",8,TRUE
"Grayson",8,TRUE
"St. Louis",8,TRUE
"Atchison",8,TRUE
"Beaver",8,TRUE
"Orleans",8,TRUE
"Marathon",8,TRUE
"Monongalia",8,TRUE
"Spokane",8,TRUE
"Glasscock",8,TRUE
"Kenton",8,TRUE
"Adams",8,TRUE
"Chemung",8,TRUE
"Chowan",8,TRUE
"Cheshire",8,TRUE
"Cochise",8,TRUE
"Decatur",8,TRUE
"Cortland",8,TRUE
"McLennan",8,TRUE
"Hancock",8,TRUE
"Berks",8,TRUE
"Anoka",8,TRUE
"Florence",8,TRUE
"Okeechobee",8,TRUE
"Wood",8,TRUE
"San Francisco",8,TRUE
"Darke",8,TRUE
"Chaves",8,TRUE
"Bell",8,TRUE
"Jo Daviess",8,TRUE
"Marquette",7,TRUE
"Calhoun",7,TRUE
"Twiggs",7,TRUE
"Power",7,TRUE
"Brown",7,TRUE
"Deschutes",7,TRUE
"Douglas",7,TRUE
"Effingham",7,TRUE
"Chambers",7,TRUE
"Henderson",7,TRUE
"Taos",7,TRUE
"De Witt",7,TRUE
"Osceola",7,TRUE
"Union",7,TRUE
"Buncombe",7,TRUE
"Dauphin",7,TRUE
"Autauga",7,TRUE
"Rio Arriba",7,TRUE
"Volusia",7,TRUE
"Prince George",7,TRUE
"Hamilton",7,TRUE
"Armstrong",7,TRUE
"Spotsylvania",7,TRUE
"Suwannee",7,TRUE
"Burke",7,TRUE
"Monroe",7,TRUE
"Siskiyou",7,TRUE
"Mecklenburg",7,TRUE
"Crockett",7,TRUE
"Nassau",7,TRUE
"Rabun",7,TRUE
"Hanover",7,TRUE
"Camden",7,TRUE
"Napa",7,TRUE
"Amherst",7,TRUE
"Lancaster",7,TRUE
"Indiana",7,TRUE
"Washington",7,TRUE
"Floyd",7,TRUE
"Jefferson",7,TRUE
"Wyandotte",7,TRUE
"Howard",7,TRUE
"Bastrop",7,TRUE
"Fond du Lac",7,TRUE
"Belknap",7,TRUE
"Cedar",7,TRUE
"Carlton",7,TRUE
"Williams",7,TRUE
"Lee",7,TRUE
"Willacy",7,TRUE
"Wilson",7,TRUE
"St. John the Baptist",7,TRUE
"La Crosse",7,TRUE
"Brown",7,TRUE
"Williamson",7,TRUE
"Adams",7,TRUE
"Delaware",7,TRUE
"Hill",7,TRUE
"Hamilton",7,TRUE
"Sandusky",7,TRUE
"Houston",7,TRUE
"Millard",7,TRUE
"Sullivan",7,TRUE
"Bay",7,TRUE
"Pottawattamie",7,TRUE
"Freeborn",7,TRUE
"Dickinson",7,TRUE
"Sumner",7,TRUE
"Harris",7,TRUE
"Manitowoc",7,TRUE
"Sweetwater",7,TRUE
"DeSoto",7,TRUE
"Wayne",7,TRUE
"Blair",7,TRUE
"Calhoun",7,TRUE
"Columbia",7,TRUE
"Orange",7,TRUE
"Zapata",7,TRUE
"Milwaukee",7,TRUE
"Marshall",7,TRUE
"Orange",7,TRUE
"Carbon",7,TRUE
"Saginaw",7,TRUE
"Grady",7,TRUE
"Durham",7,TRUE
"Alexander",7,TRUE
"Douglas",7,TRUE
"Cerro Gordo",7,TRUE
"Grant",7,TRUE
"Kit Carson",7,TRUE
"Hancock",7,TRUE
"Luna",7,TRUE
"Fairfield",7,TRUE
"Henry",7,TRUE
"Vermilion",7,TRUE
"Clay",7,TRUE
"Dickinson",7,TRUE
"Cottonwood",7,TRUE
"Habersham",6,TRUE
"Talbot",6,TRUE
"Delta",6,TRUE
"Iron",6,TRUE
"Cheyenne",6,TRUE
"Currituck",6,TRUE
"Swain",6,TRUE
"Thurston",6,TRUE
"Park",6,TRUE
"Gilchrist",6,TRUE
"Sagadahoc",6,TRUE
"Morrison",6,TRUE
"Jackson",6,TRUE
"Henry",6,TRUE
"Centre",6,TRUE
"Pickens",6,TRUE
"Moore",6,TRUE
"Weber",6,TRUE
"Orange",6,TRUE
"Stevens",6,TRUE
"Marin",6,TRUE
"New Hanover",6,TRUE
"Rock Island",6,TRUE
"Scott",6,TRUE
"Talladega",6,TRUE
"Somerset",6,TRUE
"Kent",6,TRUE
"Mitchell",6,TRUE
"Greene",6,TRUE
"Fairfax",6,TRUE
"Whitman",6,TRUE
"Grant",6,TRUE
"San Benito",6,TRUE
"Amador",6,TRUE
"Houston",6,TRUE
"Clarendon",6,TRUE
"Marion",6,TRUE
"Ward",6,TRUE
"Sierra",6,TRUE
"McLean",6,TRUE
"Matagorda",6,TRUE
"Cache",6,TRUE
"Essex",6,TRUE
"Rusk",6,TRUE
"Vigo",6,TRUE
"Dewey",6,TRUE
"Faribault",6,TRUE
"St. Mary",6,TRUE
"Wicomico",6,TRUE
"Graham",6,TRUE
"Rockingham",6,TRUE
"Greene",6,TRUE
"Southampton",6,TRUE
"Taylor",6,TRUE
"Coweta",6,TRUE
"Davis",6,TRUE
"Sullivan",6,TRUE
"Lee",6,TRUE
"Franklin",6,TRUE
"Pinellas",6,TRUE
"Navajo",6,TRUE
"Jackson",6,TRUE
"Douglas",6,TRUE
"Tulsa",6,TRUE
"Garfield",6,TRUE
"Washington",6,TRUE
"Lamar",6,TRUE
"Jack",6,TRUE
"Haskell",6,TRUE
"Hansford",6,TRUE
"Broward",6,TRUE
"Bay",6,TRUE
"Davie",6,TRUE
"Auglaize",6,TRUE
"Shelby",6,TRUE
"Dougherty",6,TRUE
"Hamilton",6,TRUE
"Butler",6,TRUE
"Pratt",6,TRUE
"Morgan",6,TRUE
"Montgomery",6,TRUE
"Archer",6,TRUE
"Falls",6,TRUE
"Pierce",6,TRUE
"Chester",6,TRUE
"Alexandria",6,TRUE
"Boone",6,TRUE
"Hot Spring",6,TRUE
"Oldham",6,TRUE
"Jasper",6,TRUE
"Moody",6,TRUE
"Sanilac",6,TRUE
"Muscatine",6,TRUE
"Fillmore",6,TRUE
"Dodge",6,TRUE
"Portage",6,TRUE
"Henry",6,TRUE
"Jefferson",6,TRUE
"Randolph",6,TRUE
"Manassas",6,TRUE
"Barron",6,TRUE
"Martin",6,TRUE
"Tazewell",6,TRUE
"Trumbull",6,TRUE
"Dakota",6,TRUE
"Medina",6,TRUE
"Oakland",6,TRUE
"Oklahoma",6,TRUE
"Isanti",6,TRUE
"Murray",6,TRUE
"Dawson",6,TRUE
"Laramie",6,TRUE
"Webster",6,TRUE
"Poweshiek",6,TRUE
"Lincoln",6,TRUE
"Adams",6,TRUE
"Quay",6,TRUE
"Jeff Davis",6,TRUE
"Coffey",6,TRUE
"Antelope",6,TRUE
"Union",6,TRUE
"Richland",6,TRUE
"Benton",6,TRUE
"Macon",6,TRUE
"Elkhart",6,TRUE
"Russell",6,TRUE
"Caldwell",6,TRUE
"Van Wert",6,TRUE
"Wilbarger",6,TRUE
"Osceola",6,TRUE
"Johnson",6,TRUE
"Grant",6,TRUE
"Thomas",6,TRUE
"Rock",6,TRUE
"Curry",6,TRUE
"Johnson",6,TRUE
"Eaton",6,TRUE
"St. Charles",6,TRUE
"Ingham",6,TRUE
"Bristol",6,TRUE
"Lincoln",6,TRUE
"Baldwin",5,TRUE
"Houston",5,TRUE
"Santa Cruz",5,TRUE
"Pasco",5,TRUE
"Chatham",5,TRUE
"Perry",5,TRUE
"Elmore",5,TRUE
"Alpena",5,TRUE
"Stokes",5,TRUE
"Ottawa",5,TRUE
"Hamilton",5,TRUE
"Huerfano",5,TRUE
"Bulloch",5,TRUE
"Burnet",5,TRUE
"Wasatch",5,TRUE
"La Paz",5,TRUE
"Henderson",5,TRUE
"Pasquotank",5,TRUE
"Cass",5,TRUE
"Washington",5,TRUE
"Lake",5,TRUE
"Dukes",5,TRUE
"Carroll",5,TRUE
"Clark",5,TRUE
"Sumter",5,TRUE
"Lander",5,TRUE
"Trinity",5,TRUE
"Lake",5,TRUE
"Campbell",5,TRUE
"New Kent",5,TRUE
"Richmond",5,TRUE
"Mobile",5,TRUE
"Washington",5,TRUE
"Yavapai",5,TRUE
"Knox",5,TRUE
"Fauquier",5,TRUE
"Wayne",5,TRUE
"Shelby",5,TRUE
"Hancock",5,TRUE
"Ascension",5,TRUE
"Boone",5,TRUE
"Newberry",5,TRUE
"Seminole",5,TRUE
"Rusk",5,TRUE
"Allegany",5,TRUE
"Livingston",5,TRUE
"West Feliciana",5,TRUE
"Dorchester",5,TRUE
"Pointe Coupee",5,TRUE
"Snohomish",5,TRUE
"Chippewa",5,TRUE
"Navarro",5,TRUE
"Castro",5,TRUE
"Adams",5,TRUE
"Lewis and Clark",5,TRUE
"Fremont",5,TRUE
"Kenedy",5,TRUE
"Lac qui Parle",5,TRUE
"Iberville",5,TRUE
"Grays Harbor",5,TRUE
"Laurens",5,TRUE
"Bosque",5,TRUE
"Callaway",5,TRUE
"Montezuma",5,TRUE
"Walla Walla",5,TRUE
"Greenwood",5,TRUE
"Davidson",5,TRUE
"Mariposa",5,TRUE
"Wayne",5,TRUE
"Miami",5,TRUE
"Clark",5,TRUE
"Woodbury",5,TRUE
"Mitchell",5,TRUE
"Lenawee",5,TRUE
"Mason",5,TRUE
"Gage",5,TRUE
"Comanche",5,TRUE
"Ellis",5,TRUE
"Coke",5,TRUE
"Richland",5,TRUE
"Summit",5,TRUE
"Otero",5,TRUE
"Platte",5,TRUE
"Monroe",5,TRUE
"Greene",5,TRUE
"Fayette",5,TRUE
"Hood River",5,TRUE
"Wheatland",5,TRUE
"Deuel",5,TRUE
"Worth",5,TRUE
"Neosho",5,TRUE
"Hunt",5,TRUE
"Lincoln",5,TRUE
"Potter",5,TRUE
"Mitchell",5,TRUE
"Racine",5,TRUE
"Concho",5,TRUE
"Hancock",5,TRUE
"Sheboygan",5,TRUE
"Hughes",5,TRUE
"Douglas",5,TRUE
"Audubon",5,TRUE
"Douglas",5,TRUE
"Knox",5,TRUE
"Grant",5,TRUE
"Pine",5,TRUE
"Worcester",5,TRUE
"Brunswick",5,TRUE
"Iroquois",5,TRUE
"Dunn",5,TRUE
"Kootenai",5,TRUE
"LaPorte",5,TRUE
"Iowa",5,TRUE
"Texas",5,TRUE
"Danville",5,TRUE
"Logan",5,TRUE
"Broomfield",5,TRUE
"Fluvanna",5,TRUE
"Mercer",5,TRUE
"Warren",5,TRUE
"Harper",5,TRUE
"Brown",5,TRUE
"Kalamazoo",5,TRUE
"Burleigh",5,TRUE
"Morgan",5,TRUE
"Franklin",5,TRUE
"Jefferson",5,TRUE
"Yellowstone",5,TRUE
"Schuyler",5,TRUE
"Lynn",5,TRUE
"Meriwether",5,TRUE
"Kingfisher",5,TRUE
"Meigs",5,TRUE
"Columbia",5,TRUE
"Bremer",5,TRUE
"Polk",5,TRUE
"Kingman",5,TRUE
"Jefferson",5,TRUE
"Ford",5,TRUE
"Garland",5,TRUE
"Jackson",5,TRUE
"Tama",5,TRUE
"Sanpete",5,TRUE
"Clay",5,TRUE
"Dubuque",5,TRUE
"Cowley",5,TRUE
"Cibola",5,TRUE
"Boone",5,TRUE
"Hutchinson",5,TRUE
"Custer",5,TRUE
"Webster",5,TRUE
"Mayes",5,TRUE
"Lycoming",5,TRUE
"Columbia",5,TRUE
"Haywood",5,TRUE
"Roosevelt",5,TRUE
"Logan",5,TRUE
"St. Joseph",5,TRUE
"Hopewell",5,TRUE
"Taylor",5,TRUE
"Montcalm",5,TRUE
"Heard",5,TRUE
"Fremont",5,TRUE
"Monroe",5,TRUE
"Clay",5,TRUE
"Lauderdale",5,TRUE
"Mahoning",5,TRUE
"Cooke",5,TRUE
"Columbia",4,TRUE
"Jay",4,TRUE
"Plaquemines",4,TRUE
"Greene",4,TRUE
"Val Verde",4,TRUE
"Harrison",4,TRUE
"James City",4,TRUE
"Loudoun",4,TRUE
"Jefferson",4,TRUE
"Grand",4,TRUE
"Clay",4,TRUE
"Gray",4,TRUE
"Yates",4,TRUE
"Cleveland",4,TRUE
"Sumter",4,TRUE
"Anderson",4,TRUE
"Charlotte",4,TRUE
"Montgomery",4,TRUE
"Pulaski",4,TRUE
"Sauk",4,TRUE
"Levy",4,TRUE
"Leon",4,TRUE
"Macon",4,TRUE
"Pike",4,TRUE
"Beaufort",4,TRUE
"Monroe",4,TRUE
"Colbert",4,TRUE
"Clarke",4,TRUE
"Cass",4,TRUE
"Grant",4,TRUE
"Franklin",4,TRUE
"Garrard",4,TRUE
"Morehouse",4,TRUE
"Piscataquis",4,TRUE
"Westmoreland",4,TRUE
"Wayne",4,TRUE
"Colusa",4,TRUE
"Eagle",4,TRUE
"Columbia",4,TRUE
"Mills",4,TRUE
"Calvert",4,TRUE
"Defiance",4,TRUE
"Effingham",4,TRUE
"Jefferson",4,TRUE
"Emery",4,TRUE
"Roanoke",4,TRUE
"Amelia",4,TRUE
"King and Queen",4,TRUE
"Chelan",4,TRUE
"Fremont",4,TRUE
"Washington",4,TRUE
"Jefferson",4,TRUE
"Murray",4,TRUE
"Spencer",4,TRUE
"Box Elder",4,TRUE
"Bibb",4,TRUE
"Brooks",4,TRUE
"Marion",4,TRUE
"Watonwan",4,TRUE
"Monroe",4,TRUE
"Bamberg",4,TRUE
"Allendale",4,TRUE
"Robertson",4,TRUE
"Young",4,TRUE
"Bee",4,TRUE
"Chaffee",4,TRUE
"Rosebud",4,TRUE
"Adams",4,TRUE
"Grant",4,TRUE
"Colfax",4,TRUE
"Putnam",4,TRUE
"Mineral",4,TRUE
"Marion",4,TRUE
"Mendocino",4,TRUE
"Sequoyah",4,TRUE
"Flathead",4,TRUE
"Clinton",4,TRUE
"Glenn",4,TRUE
"Comal",4,TRUE
"Muskogee",4,TRUE
"King William",4,TRUE
"Greenup",4,TRUE
"Surry",4,TRUE
"Gadsden",4,TRUE
"Union",4,TRUE
"Lincoln",4,TRUE
"Camden",4,TRUE
"Baca",4,TRUE
"Prowers",4,TRUE
"Charlotte",4,TRUE
"Itasca",4,TRUE
"Canyon",4,TRUE
"Las Animas",4,TRUE
"Johnson",4,TRUE
"Cass",4,TRUE
"Platte",4,TRUE
"Sarpy",4,TRUE
"Dixon",4,TRUE
"Washington",4,TRUE
"Jones",4,TRUE
"Fannin",4,TRUE
"Carroll",4,TRUE
"Henry",4,TRUE
"Marshall",4,TRUE
"Crawford",4,TRUE
"Fayette",4,TRUE
"Finney",4,TRUE
"Lyon",4,TRUE
"Portsmouth",4,TRUE
"Wahkiakum",4,TRUE
"Forrest",4,TRUE
"Lake",4,TRUE
"Mason",4,TRUE
"St. Francois",4,TRUE
"Shelby",4,TRUE
"Woodford",4,TRUE
"Independence",4,TRUE
"Otoe",4,TRUE
"Upson",4,TRUE
"Sedgwick",4,TRUE
"Hancock",4,TRUE
"Marshall",4,TRUE
"Wise",4,TRUE
"St. James",4,TRUE
"Kenosha",4,TRUE
"Pulaski",4,TRUE
"Grundy",4,TRUE
"Palo Alto",4,TRUE
"Hardin",4,TRUE
"Cherokee",4,TRUE
"Pocahontas",4,TRUE
"Madison",4,TRUE
"Polk",4,TRUE
"Clark",4,TRUE
"Sullivan",4,TRUE
"Lawrence",4,TRUE
"Campbell",4,TRUE
"Nodaway",4,TRUE
"Fayette",4,TRUE
"Pike",4,TRUE
"Howard",4,TRUE
"Winneshiek",4,TRUE
"Clayton",4,TRUE
"Franklin",4,TRUE
"Hart",4,TRUE
"Winnebago",4,TRUE
"Monroe",4,TRUE
"Newton",4,TRUE
"Troup",4,TRUE
"Harney",4,TRUE
"Dillon",4,TRUE
"Sherman",4,TRUE
"McDonough",4,TRUE
"Garza",4,TRUE
"Knox",4,TRUE
"Shackelford",4,TRUE
"Barnes",4,TRUE
"Miami",4,TRUE
"Osceola",4,TRUE
"Lackawanna",4,TRUE
"Otter Tail",4,TRUE
"Todd",4,TRUE
"Branch",4,TRUE
"Iosco",4,TRUE
"Lamar",4,TRUE
"San Miguel",4,TRUE
"Midland",4,TRUE
"Cuming",4,TRUE
"Fisher",4,TRUE
"Clarke",4,TRUE
"Cheboygan",4,TRUE
"Cedar",4,TRUE
"Nye",4,TRUE
"Wyoming",4,TRUE
"Abbeville",4,TRUE
"Lorain",4,TRUE
"Deaf Smith",4,TRUE
"Clark",4,TRUE
"Preston",4,TRUE
"Washington",4,TRUE
"Stevens",4,TRUE
"Carroll",4,TRUE
"Macon",4,TRUE
"Bedford",4,TRUE
"Tallapoosa",4,TRUE
"Llano",4,TRUE
"Thurston",4,TRUE
"Kimball",4,TRUE
"Johnson",4,TRUE
"Tom Green",4,TRUE
"Buena Vista",4,TRUE
"O'Brien",4,TRUE
"Logan",4,TRUE
"Lincoln",4,TRUE
"Crosby",4,TRUE
"Lebanon",4,TRUE
"Crow Wing",4,TRUE
"Floyd",4,TRUE
"Limestone",4,TRUE
"Ouachita",4,TRUE
"Marshall",4,TRUE
"Lauderdale",4,TRUE
"McNairy",4,TRUE
"Kent",4,TRUE
"Cobb",4,TRUE
"Hood",4,TRUE
"Kemper",4,TRUE
"Greene",4,TRUE
"St. Croix",4,TRUE
"Roanoke",4,TRUE
"Dickey",4,TRUE
"Madison",4,TRUE
"Miami",4,TRUE
"Hardin",4,TRUE
"Chilton",4,TRUE
"Burnett",4,TRUE
"Manistee",4,TRUE
"Montgomery",4,TRUE
"Covington",4,TRUE
"Dawson",4,TRUE
"Newaygo",4,TRUE
"Miller",3,TRUE
"Mississippi",3,TRUE
"La Plata",3,TRUE
"Citrus",3,TRUE
"Lee",3,TRUE
"Glynn",3,TRUE
"Shelby",3,TRUE
"Washington",3,TRUE
"Caddo",3,TRUE
"Lowndes",3,TRUE
"Lincoln",3,TRUE
"Grand Traverse",3,TRUE
"Maverick",3,TRUE
"Juab",3,TRUE
"Northampton",3,TRUE
"Pleasants",3,TRUE
"Calhoun",3,TRUE
"Jackson",3,TRUE
"Washington",3,TRUE
"Delaware",3,TRUE
"Osage",3,TRUE
"Mercer",3,TRUE
"Sanders",3,TRUE
"Kiowa",3,TRUE
"Kershaw",3,TRUE
"Williamsburg",3,TRUE
"Kaufman",3,TRUE
"Lee",3,TRUE
"Warren",3,TRUE
"Eau Claire",3,TRUE
"Madison",3,TRUE
"Coconino",3,TRUE
"Apache",3,TRUE
"Desha",3,TRUE
"Benton",3,TRUE
"Delaware",3,TRUE
"Carteret",3,TRUE
"Georgetown",3,TRUE
"Carter",3,TRUE
"Hawkins",3,TRUE
"Blount",3,TRUE
"Caribou",3,TRUE
"Harrison",3,TRUE
"Emmet",3,TRUE
"Nemaha",3,TRUE
"East Feliciana",3,TRUE
"St. Mary's",3,TRUE
"Polk",3,TRUE
"Warren",3,TRUE
"New Madrid",3,TRUE
"Big Horn",3,TRUE
"Roosevelt",3,TRUE
"Cape May",3,TRUE
"San Juan",3,TRUE
"Talbot",3,TRUE
"Shelby",3,TRUE
"Mason",3,TRUE
"Wetzel",3,TRUE
"Wood",3,TRUE
"Uinta",3,TRUE
"White",3,TRUE
"Calhoun",3,TRUE
"Loudon",3,TRUE
"Otsego",3,TRUE
"Otsego",3,TRUE
"Chenango",3,TRUE
"Crawford",3,TRUE
"Montgomery",3,TRUE
"Leelanau",3,TRUE
"Macomb",3,TRUE
"Carbon",3,TRUE
"Franklin",3,TRUE
"Williams",3,TRUE
"Okanogan",3,TRUE
"Marion",3,TRUE
"Stafford",3,TRUE
"Page",3,TRUE
"Culpeper",3,TRUE
"Dinwiddie",3,TRUE
"Fayette",3,TRUE
"Natrona",3,TRUE
"Caroline",3,TRUE
"Whitfield",3,TRUE
"Oconee",3,TRUE
"Bannock",3,TRUE
"Stark",3,TRUE
"Allen",3,TRUE
"Crook",3,TRUE
"Jefferson",3,TRUE
"Jasper",3,TRUE
"Culberson",3,TRUE
"Gunnison",3,TRUE
"Brazos",3,TRUE
"San Jacinto",3,TRUE
"Cass",3,TRUE
"Hinds",3,TRUE
"Garfield",3,TRUE
"Clearfield",3,TRUE
"Buckingham",3,TRUE
"Lincoln",3,TRUE
"Kanawha",3,TRUE
"Sierra",3,TRUE
"Lee",3,TRUE
"Bates",3,TRUE
"Lafayette",3,TRUE
"Jackson",3,TRUE
"Traill",3,TRUE
"Bryan",3,TRUE
"Kleberg",3,TRUE
"Baraga",3,TRUE
"Scott",3,TRUE
"Randall",3,TRUE
"Powhatan",3,TRUE
"Okaloosa",3,TRUE
"Little River",3,TRUE
"Daviess",3,TRUE
"Frederick",3,TRUE
"Teton",3,TRUE
"Benton",3,TRUE
"Greenbrier",3,TRUE
"Dunklin",3,TRUE
"Blaine",3,TRUE
"Clay",3,TRUE
"Parmer",3,TRUE
"St. Charles",3,TRUE
"Estill",3,TRUE
"Acadia",3,TRUE
"York",3,TRUE
"Sac",3,TRUE
"Gwinnett",3,TRUE
"Baylor",3,TRUE
"Madison",3,TRUE
"Newton",3,TRUE
"Albemarle",3,TRUE
"Madison",3,TRUE
"Hancock",3,TRUE
"Vanderburgh",3,TRUE
"Vermillion",3,TRUE
"Des Moines",3,TRUE
"Alcona",3,TRUE
"Clark",3,TRUE
"Saluda",3,TRUE
"Hyde",3,TRUE
"Oneida",3,TRUE
"Erath",3,TRUE
"Emporia",3,TRUE
"Ward",3,TRUE
"Seneca",3,TRUE
"Conejos",3,TRUE
"Snyder",3,TRUE
"Rio Grande",3,TRUE
"Franklin",3,TRUE
"Saline",3,TRUE
"Isabella",3,TRUE
"Carroll",3,TRUE
"Wapello",3,TRUE
"Clinton",3,TRUE
"Wexford",3,TRUE
"Putnam",3,TRUE
"Polk",3,TRUE
"Knox",3,TRUE
"Brown",3,TRUE
"Norfolk",3,TRUE
"Ellsworth",3,TRUE
"Gallatin",3,TRUE
"Columbiana",3,TRUE
"Clermont",3,TRUE
"Monroe",3,TRUE
"Fulton",3,TRUE
"Beaver",3,TRUE
"Fulton",3,TRUE
"Carroll",3,TRUE
"Piatt",3,TRUE
"Jessamine",3,TRUE
"Lamb",3,TRUE
"Baker",3,TRUE
"McLean",3,TRUE
"Edgefield",3,TRUE
"Kewaunee",3,TRUE
"Codington",3,TRUE
"Pend Oreille",3,TRUE
"Madison",3,TRUE
"Greene",3,TRUE
"Jefferson",3,TRUE
"Floyd",3,TRUE
"Ida",3,TRUE
"Chickasaw",3,TRUE
"Harper",3,TRUE
"Allen",3,TRUE
"Hidalgo",3,TRUE
"McKinley",3,TRUE
"Ellis",3,TRUE
"Fannin",3,TRUE
"Yoakum",3,TRUE
"Toole",3,TRUE
"Forsyth",3,TRUE
"Yankton",3,TRUE
"Humboldt",3,TRUE
"Hillsdale",3,TRUE
"Montgomery",3,TRUE
"Cavalier",3,TRUE
"Richmond",3,TRUE
"Roberts",3,TRUE
"Christian",3,TRUE
"Sawyer",3,TRUE
"Jackson",3,TRUE
"Platte",3,TRUE
"Crawford",3,TRUE
"Cumberland",3,TRUE
"Radford",3,TRUE
"Adams",3,TRUE
"Marshall",3,TRUE
"Roger Mills",3,TRUE
"Virginia Beach",3,TRUE
"Salem",3,TRUE
"Lincoln",3,TRUE
"Cole",3,TRUE
"Knox",3,TRUE
"Stutsman",3,TRUE
"Washington",3,TRUE
"Missaukee",3,TRUE
"Midland",3,TRUE
"Ionia",3,TRUE
"Putnam",3,TRUE
"Van Buren",3,TRUE
"Audrain",3,TRUE
"Shelby",3,TRUE
"Noble",3,TRUE
"Mineral",3,TRUE
"Choctaw",3,TRUE
"Boone",3,TRUE
"Schoharie",3,TRUE
"Furnas",3,TRUE
"Elbert",3,TRUE
"Shawnee",3,TRUE
"Terrell",3,TRUE
"Edgar",3,TRUE
"Barrow",3,TRUE
"Wichita",3,TRUE
"Calhoun",3,TRUE
"Barton",3,TRUE
"Stewart",3,TRUE
"Coffee",3,TRUE
"Dodge",3,TRUE
"Irion",3,TRUE
"Brule",3,TRUE
"Martin",3,TRUE
"Stark",3,TRUE
"Throckmorton",3,TRUE
"Ellis",3,TRUE
"Reno",3,TRUE
"Frio",3,TRUE
"Somervell",3,TRUE
"Pershing",3,TRUE
"Jackson",3,TRUE
"Grundy",3,TRUE
"Logan",3,TRUE
"Wythe",3,TRUE
"Ross",3,TRUE
"DeKalb",3,TRUE
"Covington",3,TRUE
"Mecosta",3,TRUE
"Sweet Grass",3,TRUE
"Stillwater",3,TRUE
"LaGrange",3,TRUE
"Hale",3,TRUE
"Gloucester",3,TRUE
"Scioto",3,TRUE
"Oconto",3,TRUE
"Waukesha",3,TRUE
"Price",3,TRUE
"Custer",3,TRUE
"Warrick",3,TRUE
"Skamania",3,TRUE
"Gosper",3,TRUE
"Macon",3,TRUE
"Panola",3,TRUE
"Lawrence",3,TRUE
"Washita",3,TRUE
"Iowa",3,TRUE
"Randolph",3,TRUE
"Switzerland",3,TRUE
"Albany",3,TRUE
"Franklin",3,TRUE
"Waller",3,TRUE
"Clark",3,TRUE
"Franklin",3,TRUE
"Taylor",2,TRUE
"Liberty",2,TRUE
"Franklin",2,TRUE
"Clark",2,TRUE
"Clearwater",2,TRUE
"Monroe",2,TRUE
"Le Flore",2,TRUE
"Choctaw",2,TRUE
"Union",2,TRUE
"Marion",2,TRUE
"Tooele",2,TRUE
"Essex",2,TRUE
"Mason",2,TRUE
"Boone",2,TRUE
"Trempealeau",2,TRUE
"Teton",2,TRUE
"Douglas",2,TRUE
"Clear Creek",2,TRUE
"Delta",2,TRUE
"Wakulla",2,TRUE
"Tattnall",2,TRUE
"Cook",2,TRUE
"Kiowa",2,TRUE
"Grant",2,TRUE
"Ohio",2,TRUE
"St. Martin",2,TRUE
"Kanabec",2,TRUE
"Chariton",2,TRUE
"Deer Lodge",2,TRUE
"Wilkes",2,TRUE
"Pennington",2,TRUE
"Knox",2,TRUE
"Winkler",2,TRUE
"Elbert",2,TRUE
"Chicot",2,TRUE
"Sebastian",2,TRUE
"Carroll",2,TRUE
"Clay",2,TRUE
"Pamlico",2,TRUE
"McCurtain",2,TRUE
"Warren",2,TRUE
"Brewster",2,TRUE
"San Juan",2,TRUE
"Washington",2,TRUE
"Gila",2,TRUE
"Posey",2,TRUE
"Wilcox",2,TRUE
"Vernon",2,TRUE
"Lowndes",2,TRUE
"Cape Girardeau",2,TRUE
"St. Louis",2,TRUE
"Putnam",2,TRUE
"Butler",2,TRUE
"Thayer",2,TRUE
"Wayne",2,TRUE
"Bryan",2,TRUE
"Brantley",2,TRUE
"Greene",2,TRUE
"Boise",2,TRUE
"Tipton",2,TRUE
"McPherson",2,TRUE
"Muhlenberg",2,TRUE
"Bossier",2,TRUE
"Iberia",2,TRUE
"Red River",2,TRUE
"Alleghany",2,TRUE
"Lancaster",2,TRUE
"Ferry",2,TRUE
"Washington",2,TRUE
"Ouachita",2,TRUE
"Benton",2,TRUE
"DeKalb",2,TRUE
"Meigs",2,TRUE
"Austin",2,TRUE
"Callahan",2,TRUE
"Cherokee",2,TRUE
"Rankin",2,TRUE
"Perry",2,TRUE
"Camden",2,TRUE
"Haywood",2,TRUE
"Steele",2,TRUE
"Pawnee",2,TRUE
"McClain",2,TRUE
"Stephens",2,TRUE
"Erie",2,TRUE
"Weakley",2,TRUE
"Door",2,TRUE
"Hempstead",2,TRUE
"Summit",2,TRUE
"Lake",2,TRUE
"Russell",2,TRUE
"Tucker",2,TRUE
"Davis",2,TRUE
"Gibson",2,TRUE
"Franklin",2,TRUE
"Nicholas",2,TRUE
"Idaho",2,TRUE
"Ashley",2,TRUE
"McCormick",2,TRUE
"Charles Mix",2,TRUE
"Cass",2,TRUE
"Patrick",2,TRUE
"Appling",2,TRUE
"Calhoun",2,TRUE
"Yazoo",2,TRUE
"DeKalb",2,TRUE
"Saline",2,TRUE
"Lake",2,TRUE
"Clarion",2,TRUE
"Roane",2,TRUE
"Polk",2,TRUE
"Tyler",2,TRUE
"Menard",2,TRUE
"Pierce",2,TRUE
"Stanley",2,TRUE
"Smith",2,TRUE
"Rhea",2,TRUE
"Hamblen",2,TRUE
"Freestone",2,TRUE
"Attala",2,TRUE
"Saunders",2,TRUE
"Eureka",2,TRUE
"Wagoner",2,TRUE
"Dallas",2,TRUE
"Lawrence",2,TRUE
"Union",2,TRUE
"Caroline",2,TRUE
"Wilkinson",2,TRUE
"Pottawatomie",2,TRUE
"Jefferson",2,TRUE
"Iron",2,TRUE
"Arkansas",2,TRUE
"Lake",2,TRUE
"Richland",2,TRUE
"King George",2,TRUE
"Dorchester",2,TRUE
"Sumner",2,TRUE
"Middlesex",2,TRUE
"St. Clair",2,TRUE
"Morris",2,TRUE
"Transylvania",2,TRUE
"Summit",2,TRUE
"Cheyenne",2,TRUE
"Jefferson",2,TRUE
"Fayette",2,TRUE
"Ashland",2,TRUE
"Morgan",2,TRUE
"Lauderdale",2,TRUE
"Jackson",2,TRUE
"Jackson",2,TRUE
"Refugio",2,TRUE
"Clark",2,TRUE
"Judith Basin",2,TRUE
"Wilson",2,TRUE
"Erie",2,TRUE
"De Soto",2,TRUE
"Pike",2,TRUE
"Bayfield",2,TRUE
"Oglethorpe",2,TRUE
"Rapides",2,TRUE
"Grimes",2,TRUE
"Hyde",2,TRUE
"Bent",2,TRUE
"Gulf",2,TRUE
"Morgan",2,TRUE
"Marshall",2,TRUE
"Madison",2,TRUE
"Wasco",2,TRUE
"Huntingdon",2,TRUE
"Carbon",2,TRUE
"Jackson",2,TRUE
"Seminole",2,TRUE
"Tuscaloosa",2,TRUE
"Dale",2,TRUE
"Jefferson",2,TRUE
"Sioux",2,TRUE
"Montgomery",2,TRUE
"Cherokee",2,TRUE
"Koochiching",2,TRUE
"Johnson",2,TRUE
"Burt",2,TRUE
"Howell",2,TRUE
"Cass",2,TRUE
"Barton",2,TRUE
"Clark",2,TRUE
"Franklin",2,TRUE
"Duval",2,TRUE
"Hardin",2,TRUE
"Limestone",2,TRUE
"Collier",2,TRUE
"Clay",2,TRUE
"Putnam",2,TRUE
"Stephens",2,TRUE
"Payette",2,TRUE
"Johnston",2,TRUE
"Santa Cruz",2,TRUE
"Columbia",2,TRUE
"Monroe",2,TRUE
"Venango",2,TRUE
"Bailey",2,TRUE
"Cheyenne",2,TRUE
"Jones",2,TRUE
"Lanier",2,TRUE
"Glades",2,TRUE
"Clay",2,TRUE
"Henry",2,TRUE
"Lincoln",2,TRUE
"Marion",2,TRUE
"Elk",2,TRUE
"Rush",2,TRUE
"Smith",2,TRUE
"Lawrence",2,TRUE
"Garfield",2,TRUE
"Mercer",2,TRUE
"Randolph",2,TRUE
"Bartow",2,TRUE
"Susquehanna",2,TRUE
"Hancock",2,TRUE
"Franklin",2,TRUE
"Custer",2,TRUE
"Hardeman",2,TRUE
"Yell",2,TRUE
"Monroe",2,TRUE
"Russell",2,TRUE
"Mitchell",2,TRUE
"Wilson",2,TRUE
"Gonzales",2,TRUE
"Cumberland",2,TRUE
"Trimble",2,TRUE
"Fayette",2,TRUE
"Jackson",2,TRUE
"Ware",2,TRUE
"Aurora",2,TRUE
"Crisp",2,TRUE
"Lafayette",2,TRUE
"Warren",2,TRUE
"Rush",2,TRUE
"Saline",2,TRUE
"Gem",2,TRUE
"Pope",2,TRUE
"Cleburne",2,TRUE
"Cass",2,TRUE
"Benton",2,TRUE
"Union",2,TRUE
"Scott",2,TRUE
"Wright",2,TRUE
"Jackson",2,TRUE
"Dickinson",2,TRUE
"Beckham",2,TRUE
"Republic",2,TRUE
"Hardeman",2,TRUE
"Coosa",2,TRUE
"Walker",2,TRUE
"Eddy",2,TRUE
"Ralls",2,TRUE
"Wallowa",2,TRUE
"Lincoln",2,TRUE
"Red Willow",2,TRUE
"Nemaha",2,TRUE
"Richardson",2,TRUE
"Bristol",2,TRUE
"Houghton",2,TRUE
"Brown",2,TRUE
"Bonner",2,TRUE
"Marion",2,TRUE
"Henderson",2,TRUE
"Washington",2,TRUE
"Burke",2,TRUE
"Gallia",2,TRUE
"Appomattox",2,TRUE
"Sussex",2,TRUE
"Ochiltree",2,TRUE
"Floyd",2,TRUE
"Washington",2,TRUE
"Goochland",2,TRUE
"Preble",2,TRUE
"Crawford",2,TRUE
"St. Johns",2,TRUE
"Ashtabula",2,TRUE
"Moffat",2,TRUE
"Rio Blanco",2,TRUE
"Chattahoochee",2,TRUE
"Waushara",2,TRUE
"Washburn",2,TRUE
"Craighead",2,TRUE
"Lawrence",2,TRUE
"Echols",2,TRUE
"Baxter",2,TRUE
"Gaines",2,TRUE
"Delaware",2,TRUE
"Giles",2,TRUE
"Pitkin",2,TRUE
"Petersburg",2,TRUE
"Laclede",2,TRUE
"Livingston",2,TRUE
"Tuscarawas",2,TRUE
"Washington",2,TRUE
"Scotts Bluff",2,TRUE
"Schleicher",2,TRUE
"Licking",2,TRUE
"Pickaway",2,TRUE
"Lehigh",2,TRUE
"Delaware",2,TRUE
"Swift",2,TRUE
"McIntosh",2,TRUE
"Morrow",2,TRUE
"Leavenworth",2,TRUE
"Cherokee",2,TRUE
"Marshall",2,TRUE
"Pontotoc",2,TRUE
"Carter",2,TRUE
"Marengo",2,TRUE
"Haskell",2,TRUE
"De Baca",2,TRUE
"Harrison",2,TRUE
"Butler",2,TRUE
"Holt",2,TRUE
"Buchanan",2,TRUE
"Lafayette",2,TRUE
"Valley",2,TRUE
"Comanche",2,TRUE
"McCulloch",2,TRUE
"Briscoe",2,TRUE
"Muskegon",2,TRUE
"Dubois",2,TRUE
"Schley",2,TRUE
"Clay",2,TRUE
"Webster",2,TRUE
"Mahaska",2,TRUE
"Jasper",2,TRUE
"Rice",2,TRUE
"Boundary",2,TRUE
"Vernon",2,TRUE
"Marion",2,TRUE
"Morgan",2,TRUE
"Haskell",2,TRUE
"Lyon",2,TRUE
"Lapeer",2,TRUE
"Ringgold",2,TRUE
"Taney",2,TRUE
"Fountain",2,TRUE
"Boyd",2,TRUE
"Brown",2,TRUE
"Laurens",2,TRUE
"Christian",2,TRUE
"Gentry",2,TRUE
"Payne",2,TRUE
"Lincoln",2,TRUE
"Hardin",2,TRUE
"Golden Valley",2,TRUE
"Hays",2,TRUE
"Morgan",2,TRUE
"Washington",2,TRUE
"Putnam",2,TRUE
"Page",2,TRUE
"Bleckley",2,TRUE
"Hand",2,TRUE
"Parke",2,TRUE
"Atascosa",2,TRUE
"Gregg",2,TRUE
"Dimmit",2,TRUE
"Gray",2,TRUE
"Stonewall",2,TRUE
"Union",2,TRUE
"Buffalo",2,TRUE
"Garvin",2,TRUE
"Stanton",2,TRUE
"Santa Fe",2,TRUE
"Cedar",2,TRUE
"Jackson",2,TRUE
"Harrisonburg",2,TRUE
"Becker",2,TRUE
"Mille Lacs",2,TRUE
"Wyandot",2,TRUE
"White",2,TRUE
"Huron",2,TRUE
"Clayton",2,TRUE
"Lamar",2,TRUE
"Martinsville",2,TRUE
"Highland",2,TRUE
"Griggs",2,TRUE
"Gogebic",2,TRUE
"Shenandoah",2,TRUE
"Lyon",2,TRUE
"Oceana",2,TRUE
"Hall",2,TRUE
"Manassas Park",2,TRUE
"Mills",2,TRUE
"Hettinger",2,TRUE
"Muskingum",2,TRUE
"Perry",2,TRUE
"Chickasaw",2,TRUE
"Stafford",2,TRUE
"Hall",2,TRUE
"Potter",2,TRUE
"Crittenden",2,TRUE
"Lawrence",2,TRUE
"Lawrence",2,TRUE
"Seward",2,TRUE
"Dearborn",2,TRUE
"McHenry",2,TRUE
"Jackson",2,TRUE
"Morgan",2,TRUE
"Colquitt",2,TRUE
"Louisa",2,TRUE
"Butts",2,TRUE
"Buchanan",2,TRUE
"Clarke",2,TRUE
"Bourbon",2,TRUE
"McCracken",2,TRUE
"Anderson",2,TRUE
"Barber",2,TRUE
"Coahoma",2,TRUE
"Kendall",2,TRUE
"Green",2,TRUE
"St. Francis",2,TRUE
"Madison",2,TRUE
"Woods",2,TRUE
"Macoupin",2,TRUE
"Chambers",2,TRUE
"Sumter",1,TRUE
"Alpine",1,TRUE
"San Miguel",1,TRUE
"Wallace",1,TRUE
"DeSoto",1,TRUE
"Wilkinson",1,TRUE
"Beaverhead",1,TRUE
"Valley",1,TRUE
"Deuel",1,TRUE
"Grand Forks",1,TRUE
"Pembina",1,TRUE
"Bon Homme",1,TRUE
"McPherson",1,TRUE
"Red River",1,TRUE
"Morgan",1,TRUE
"Ouray",1,TRUE
"Warren",1,TRUE
"Valley",1,TRUE
"Natchitoches",1,TRUE
"Oscoda",1,TRUE
"Gallatin",1,TRUE
"Meagher",1,TRUE
"Broadwater",1,TRUE
"York",1,TRUE
"Meade",1,TRUE
"Lyman",1,TRUE
"Humphreys",1,TRUE
"Cheatham",1,TRUE
"Dickens",1,TRUE
"Kimble",1,TRUE
"Leon",1,TRUE
"Camp",1,TRUE
"Titus",1,TRUE
"Foard",1,TRUE
"Duchesne",1,TRUE
"Garfield",1,TRUE
"Highland",1,TRUE
"Barbour",1,TRUE
"Walton",1,TRUE
"Charlton",1,TRUE
"Lemhi",1,TRUE
"Nez Perce",1,TRUE
"Madison",1,TRUE
"Union",1,TRUE
"Routt",1,TRUE
"Walsh",1,TRUE
"McKenzie",1,TRUE
"Clatsop",1,TRUE
"Giles",1,TRUE
"Bowie",1,TRUE
"Uintah",1,TRUE
"Rich",1,TRUE
"Dickenson",1,TRUE
"Wabash",1,TRUE
"Plymouth",1,TRUE
"Cullman",1,TRUE
"Macon",1,TRUE
"Concordia",1,TRUE
"Hale",1,TRUE
"Presque Isle",1,TRUE
"Cook",1,TRUE
"Norman",1,TRUE
"Washington",1,TRUE
"Claiborne",1,TRUE
"Richland",1,TRUE
"White Pine",1,TRUE
"Gilmer",1,TRUE
"Toombs",1,TRUE
"Emanuel",1,TRUE
"Marion",1,TRUE
"Pawnee",1,TRUE
"Riley",1,TRUE
"Nelson",1,TRUE
"Scott",1,TRUE
"Bath",1,TRUE
"Rowan",1,TRUE
"Evangeline",1,TRUE
"Grant",1,TRUE
"Northumberland",1,TRUE
"Kitsap",1,TRUE
"Monroe",1,TRUE
"Crawford",1,TRUE
"Sheridan",1,TRUE
"Clark",1,TRUE
"Highlands",1,TRUE
"Union",1,TRUE
"Lincoln",1,TRUE
"Baldwin",1,TRUE
"Moore",1,TRUE
"McMinn",1,TRUE
"Rutherford",1,TRUE
"Bedford",1,TRUE
"Cocke",1,TRUE
"Coleman",1,TRUE
"Martin",1,TRUE
"Runnels",1,TRUE
"Brooks",1,TRUE
"Pennington",1,TRUE
"Leflore",1,TRUE
"Leake",1,TRUE
"Silver Bow",1,TRUE
"Seward",1,TRUE
"Keya Paha",1,TRUE
"Tyrrell",1,TRUE
"Pottawatomie",1,TRUE
"Union",1,TRUE
"Terrebonne",1,TRUE
"Sabine",1,TRUE
"Emmet",1,TRUE
"Kittson",1,TRUE
"Benton",1,TRUE
"Perry",1,TRUE
"Colleton",1,TRUE
"Presidio",1,TRUE
"Wise",1,TRUE
"Buchanan",1,TRUE
"Clallam",1,TRUE
"Woodruff",1,TRUE
"Saguache",1,TRUE
"Lunenburg",1,TRUE
"Covington",1,TRUE
"Randolph",1,TRUE
"Alexander",1,TRUE
"Bath",1,TRUE
"Harrison",1,TRUE
"Hernando",1,TRUE
"Bear Lake",1,TRUE
"Costilla",1,TRUE
"Jackson",1,TRUE
"Dare",1,TRUE
"Washington",1,TRUE
"Long",1,TRUE
"Menard",1,TRUE
"Ness",1,TRUE
"Madison",1,TRUE
"Bullitt",1,TRUE
"Taylor",1,TRUE
"Bourbon",1,TRUE
"Avoyelles",1,TRUE
"Madison",1,TRUE
"McCone",1,TRUE
"Chouteau",1,TRUE
"Wheeler",1,TRUE
"McDowell",1,TRUE
"Champaign",1,TRUE
"Grant",1,TRUE
"Juniata",1,TRUE
"White",1,TRUE
"Grainger",1,TRUE
"Colorado",1,TRUE
"Fremont",1,TRUE
"Delta",1,TRUE
"Hockley",1,TRUE
"Van Zandt",1,TRUE
"San Augustine",1,TRUE
"Sullivan",1,TRUE
"Raleigh",1,TRUE
"Choctaw",1,TRUE
"Charlevoix",1,TRUE
"Scott",1,TRUE
"Whitley",1,TRUE
"Schuyler",1,TRUE
"Rooks",1,TRUE
"Laurel",1,TRUE
"Bienville",1,TRUE
"Pacific",1,TRUE
"Conway",1,TRUE
"Lincoln",1,TRUE
"Charleston",1,TRUE
"Sabine",1,TRUE
"Pike",1,TRUE
"St. Landry",1,TRUE
"Liberty",1,TRUE
"DeKalb",1,TRUE
"Tensas",1,TRUE
"Pearl River",1,TRUE
"Park",1,TRUE
"Jefferson Davis",1,TRUE
"Upshur",1,TRUE
"Jefferson",1,TRUE
"Wheeler",1,TRUE
"Larue",1,TRUE
"Jerauld",1,TRUE
"Goliad",1,TRUE
"Botetourt",1,TRUE
"Seminole",1,TRUE
"Whitley",1,TRUE
"Sedgwick",1,TRUE
"Alger",1,TRUE
"Sevier",1,TRUE
"Camas",1,TRUE
"Stoddard",1,TRUE
"Glacier",1,TRUE
"Telfair",1,TRUE
"Howard",1,TRUE
"Tipton",1,TRUE
"Jackson",1,TRUE
"Woodford",1,TRUE
"Beadle",1,TRUE
"Carroll",1,TRUE
"Beauregard",1,TRUE
"Childress",1,TRUE
"Lee",1,TRUE
"Prince Edward",1,TRUE
"McCreary",1,TRUE
"Granite",1,TRUE
"Marion",1,TRUE
"Bradford",1,TRUE
"Red Lake",1,TRUE
"Angelina",1,TRUE
"Nacogdoches",1,TRUE
"Putnam",1,TRUE
"Fleming",1,TRUE
"Pocahontas",1,TRUE
"Escambia",1,TRUE
"Randolph",1,TRUE
"Lamar",1,TRUE
"Towns",1,TRUE
"Chattooga",1,TRUE
"Catoosa",1,TRUE
"Dade",1,TRUE
"Clinton",1,TRUE
"Mason",1,TRUE
"Union",1,TRUE
"Ohio",1,TRUE
"Linn",1,TRUE
"Antrim",1,TRUE
"George",1,TRUE
"Mackinac",1,TRUE
"Marion",1,TRUE
"Stone",1,TRUE
"Harlan",1,TRUE
"Henry",1,TRUE
"Coryell",1,TRUE
"Lampasas",1,TRUE
"Rockwall",1,TRUE
"La Salle",1,TRUE
"Roberts",1,TRUE
"Clay",1,TRUE
"Armstrong",1,TRUE
"Mason",1,TRUE
"Van Buren",1,TRUE
"Overton",1,TRUE
"Floyd",1,TRUE
"Rockbridge",1,TRUE
"Thomas",1,TRUE
"Teton",1,TRUE
"Hughes",1,TRUE
"Cherokee",1,TRUE
"Modoc",1,TRUE
"Portage",1,TRUE
"Perry",1,TRUE
"Carroll",1,TRUE
"Elk",1,TRUE
"Faulk",1,TRUE
"Calhoun",1,TRUE
"Decatur",1,TRUE
"Richland",1,TRUE
"Merrick",1,TRUE
"Kearney",1,TRUE
"Starke",1,TRUE
"Orange",1,TRUE
"Carson City",1,TRUE
"Shelby",1,TRUE
"Clare",1,TRUE
"Jefferson",1,TRUE
"Union",1,TRUE
"Gove",1,TRUE
"Cloud",1,TRUE
"Clay",1,TRUE
"Slope",1,TRUE
"Geary",1,TRUE
"Osborne",1,TRUE
"Hamilton",1,TRUE
"Russell",1,TRUE
"Carter",1,TRUE
"Daviess",1,TRUE
"Mercer",1,TRUE
"Brooke",1,TRUE
"Dawson",1,TRUE
"Gregory",1,TRUE
"Jasper",1,TRUE
"Phelps",1,TRUE
"Johnson",1,TRUE
"Campbell",1,TRUE
"Esmeralda",1,TRUE
"Kinney",1,TRUE
"Huntington",1,TRUE
"Wichita",1,TRUE
"Parker",1,TRUE
"Wabaunsee",1,TRUE
"Hamilton",1,TRUE
"Otero",1,TRUE
"Gordon",1,TRUE
"Hamilton",1,TRUE
"Jim Wells",1,TRUE
"Donley",1,TRUE
"Walworth",1,TRUE
"Douglas",1,TRUE
"Grant",1,TRUE
"Pulaski",1,TRUE
"Newport News",1,TRUE
"Davison",1,TRUE
"Kingsbury",1,TRUE
"Douglas",1,TRUE
"Peach",1,TRUE
"Scott",1,TRUE
"Mathews",1,TRUE
"Bradley",1,TRUE
"Pulaski",1,TRUE
"Asotin",1,TRUE
"Coles",1,TRUE
"Dickson",1,TRUE
"Randolph",1,TRUE
"Candler",1,TRUE
"Jasper",1,TRUE
"Wells",1,TRUE
"Pulaski",1,TRUE
"Stone",1,TRUE
"Sequatchie",1,TRUE
"Lake",1,TRUE
"Liberty",1,TRUE
"Teller",1,TRUE
"Bartholomew",1,TRUE
"Doniphan",1,TRUE
"Meade",1,TRUE
"Warren",1,TRUE
"Atchison",1,TRUE
"Carroll",1,TRUE
"Bracken",1,TRUE
"Walthall",1,TRUE
"Spalding",1,TRUE
"Love",1,TRUE
"Tillamook",1,TRUE
"Cameron",1,TRUE
"McKean",1,TRUE
"Daggett",1,TRUE
"Jefferson",1,TRUE
"Greene",1,TRUE
"Corson",1,TRUE
"Douglas",1,TRUE
"Schoolcraft",1,TRUE
"Butte",1,TRUE
"Decatur",1,TRUE
"Benewah",1,TRUE
"Arenac",1,TRUE
"Obion",1,TRUE
"Mercer",1,TRUE
"Appanoose",1,TRUE
"Bowman",1,TRUE
"Emmons",1,TRUE
"Pope",1,TRUE
"Jersey",1,TRUE
"Decatur",1,TRUE
"Brown",1,TRUE
"Lynchburg",1,TRUE
"Cochran",1,TRUE
"Clay",1,TRUE
"Green Lake",1,TRUE
"Hampton",1,TRUE
"Grayson",1,TRUE
"Allamakee",1,TRUE
"Jefferson",1,TRUE
"Belmont",1,TRUE
"Nowata",1,TRUE
"Taylor",1,TRUE
"Massac",1,TRUE
"Clay",1,TRUE
"Adams",1,TRUE
"Stewart",1,TRUE
"Grand Isle",1,TRUE
"Fulton",1,TRUE
"Minnehaha",1,TRUE
"Winchester",1,TRUE
"Garfield",1,TRUE
"Greeley",1,TRUE
"Jim Hogg",1,TRUE
"Ransom",1,TRUE
"Cherry",1,TRUE
"Allen",1,TRUE
"Rolette",1,TRUE
"Greene",1,TRUE
"Clinton",1,TRUE
"Montour",1,TRUE
"Sherman",1,TRUE
"Beltrami",1,TRUE
"Grant",1,TRUE
"Pittsburg",1,TRUE
"Phillips",1,TRUE
"Wright",1,TRUE
"Clinton",1,TRUE
"Reynolds",1,TRUE
"Montgomery",1,TRUE
"Johnson",1,TRUE
"Creek",1,TRUE
"Atoka",1,TRUE
"Jones",1,TRUE
"Panola",1,TRUE
"Dade",1,TRUE
"Madison",1,TRUE
"Major",1,TRUE
"Sunflower",1,TRUE
"Big Stone",1,TRUE
"Musselshell",1,TRUE
"Ste. Genevieve",1,TRUE
"Polk",1,TRUE
"Polk",1,TRUE
"Osage",1,TRUE
"Phelps",1,TRUE
"Pierce",1,TRUE
"Keith",1,TRUE
"Hamilton",1,TRUE
"Real",1,TRUE
"Frontier",1,TRUE
"Fillmore",1,TRUE
"Live Oak",1,TRUE
"Minidoka",1,TRUE
"Owen",1,TRUE
"Dallas",1,TRUE
"Knox",1,TRUE
"Marion",1,TRUE
"Butler",1,TRUE
"Marshall",1,TRUE
"Fall River",1,TRUE
"Bolivar",1,TRUE
"Reagan",1,TRUE
"Shelby",1,TRUE
"Monroe",1,TRUE
"Morris",1,TRUE
"Lincoln",1,TRUE
"Pike",1,TRUE
"Adams",1,TRUE
"Elko",1,TRUE
"Douglas",1,TRUE
"Greene",1,TRUE
"Lincoln",1,TRUE
"Newton",1,TRUE
"Kalkaska",1,TRUE
"Montgomery",1,TRUE
"Howard",1,TRUE
"Moultrie",1,TRUE
"Lincoln",1,TRUE
"Ontonagon",1,TRUE
"Richland",1,TRUE
"Pike",1,TRUE
"Craig",1,TRUE
"Gilpin",1,TRUE
"Stevens",1,TRUE
"Karnes",1,TRUE
"Wheeler",1,TRUE
"Nantucket",1,TRUE
"Jenkins",1,TRUE
"Madison",1,TRUE
"Linn",1,TRUE
"Sevier",1,TRUE
"Brown",1,TRUE
"Johnson",1,TRUE
"Paulding",1,TRUE
"Hutchinson",1,TRUE
"Los Alamos",1,TRUE
"Fulton",1,TRUE
"Lawrence",1,TRUE
"Eastland",1,TRUE
"Mountrail",1,TRUE
"Dallas",1,TRUE
"Franklin",1,TRUE
"Noble",1,TRUE
"Ottawa",1,TRUE
"Colfax",1,TRUE
"Hemphill",1,TRUE
"Clark",1,TRUE
"Guernsey",1,TRUE
"Scott",1,TRUE
"Jefferson",1,TRUE
"Sheridan",1,TRUE
"Jefferson Davis",1,TRUE
"Rogers",1,TRUE
"Adair",1,TRUE
"Pulaski",1,TRUE
"Miller",1,TRUE
"Benton",1,TRUE
"Crawford",1,TRUE
"Clearwater",1,TRUE
"LaMoure",1,TRUE
"Pierce",1,TRUE
"Webster",1,TRUE
"Day",1,TRUE
"Hot Springs",1,TRUE
"Stark",1,TRUE
"Turner",1,TRUE
"Buffalo",1,TRUE
"Scott",1,TRUE
"Franklin",1,TRUE
"Adams",1,TRUE
"Pendleton",1,TRUE
"St. Clair",1,TRUE
"Catron",1,TRUE
"Greer",1,TRUE
"Wabash",1,TRUE
"Uvalde",1,TRUE
"Bingham",1,TRUE
"Fallon",1,TRUE
"Hardin",1,TRUE
"Campbell",1,TRUE
"Henderson",1,TRUE
"Clay",1,TRUE
"Madison",1,TRUE
"Henry",1,TRUE
"Guadalupe",1,TRUE
"Vinton",1,TRUE
"Scotland",1,TRUE
"Monroe",1,TRUE
"Livingston",1,TRUE
"Pushmataha",1,TRUE
"Palo Pinto",1,TRUE
"Ozaukee",1,TRUE
"Pepin",1,TRUE
"Miller",1,TRUE
"Izard",1,TRUE
"Jones",1,TRUE
"Crowley",1,TRUE
"Sarasota",1,TRUE
"McIntosh",1,TRUE
"Lincoln",1,TRUE
"Hancock",1,TRUE
"Barren",1,TRUE
"Simpson",1,TRUE
"Oldham",1,TRUE
"Okfuskee",1,TRUE
"Madison",1,TRUE
"Trego",1,TRUE
"Warren",1,TRUE
"Montgomery",1,TRUE
"Graham",1,TRUE
"Grady",1,TRUE
"Hodgeman",1,TRUE
"Carroll",1,TRUE
"Lincoln",1,TRUE
"Greenwood",1,TRUE
"Houston",1,TRUE
"Wayne",1,TRUE
"Barbour",0,FALSE
"Sevier",0,FALSE
"Franklin",0,FALSE
"Jefferson",0,FALSE
"Shoshone",0,FALSE
"Graham",0,FALSE
"Etowah",0,FALSE
"Harlan",0,FALSE
"Conecuh",0,FALSE
"Lincoln",0,FALSE
"Ashe",0,FALSE
"Curry",0,FALSE
"Johnson",0,FALSE
"Hudspeth",0,FALSE
"Island",0,FALSE
"McDowell",0,FALSE
"Cabell",0,FALSE
"Lonoke",0,FALSE
"Nevada",0,FALSE
"San Juan",0,FALSE
"Butte",0,FALSE
"Cass",0,FALSE
"Brown",0,FALSE
"Perry",0,FALSE
"Johnson",0,FALSE
"Edmonson",0,FALSE
"Wolfe",0,FALSE
"Catahoula",0,FALSE
"Union",0,FALSE
"Humphreys",0,FALSE
"Dent",0,FALSE
"Powell",0,FALSE
"Mora",0,FALSE
"Yancey",0,FALSE
"Holmes",0,FALSE
"Coal",0,FALSE
"Clinton",0,FALSE
"Hamlin",0,FALSE
"Crockett",0,FALSE
"Anderson",0,FALSE
"Walker",0,FALSE
"Trinity",0,FALSE
"Washington",0,FALSE
"Augusta",0,FALSE
"Wyoming",0,FALSE
"Lewis",0,FALSE
"Arthur",0,FALSE
"Billings",0,FALSE
"Dixie",0,FALSE
"Phillips",0,FALSE
"Randolph",0,FALSE
"Athens",0,FALSE
"Claiborne",0,FALSE
"Hartley",0,FALSE
"Pulaski",0,FALSE
"Union",0,FALSE
"Pike",0,FALSE
"Blount",0,FALSE
"Bell",0,FALSE
"Lewis",0,FALSE
"Tangipahoa",0,FALSE
"East Carroll",0,FALSE
"West Carroll",0,FALSE
"Crenshaw",0,FALSE
"Wilkin",0,FALSE
"Lake of the Woods",0,FALSE
"Marshall",0,FALSE
"Adams",0,FALSE
"Noxubee",0,FALSE
"Tunica",0,FALSE
"Ravalli",0,FALSE
"Phillips",0,FALSE
"Blaine",0,FALSE
"McDuffie",0,FALSE
"Wilkes",0,FALSE
"Treutlen",0,FALSE
"Crawford",0,FALSE
"Baker",0,FALSE
"Custer",0,FALSE
"Washington",0,FALSE
"Lucas",0,FALSE
"Grayson",0,FALSE
"Caldwell",0,FALSE
"Morgan",0,FALSE
"Marion",0,FALSE
"Butler",0,FALSE
"Hopkins",0,FALSE
"Knox",0,FALSE
"Owen",0,FALSE
"Floyd",0,FALSE
"Nicholas",0,FALSE
"Hart",0,FALSE
"Magoffin",0,FALSE
"Powell",0,FALSE
"Elliott",0,FALSE
"LaSalle",0,FALSE
"Franklin",0,FALSE
"Caldwell",0,FALSE
"San Juan",0,FALSE
"Mingo",0,FALSE
"Tyler",0,FALSE
"Searcy",0,FALSE
"Bradley",0,FALSE
"Hinsdale",0,FALSE
"Liberty",0,FALSE
"Berrien",0,FALSE
"Sanborn",0,FALSE
"Haakon",0,FALSE
"Jones",0,FALSE
"Jackson",0,FALSE
"Dewey",0,FALSE
"Cumberland",0,FALSE
"Coffee",0,FALSE
"Dyer",0,FALSE
"Hickman",0,FALSE
"Perry",0,FALSE
"Smith",0,FALSE
"Swisher",0,FALSE
"Hopkins",0,FALSE
"Wood",0,FALSE
"Burleson",0,FALSE
"Rains",0,FALSE
"Jeff Davis",0,FALSE
"Ogemaw",0,FALSE
"Copiah",0,FALSE
"Tate",0,FALSE
"Holmes",0,FALSE
"Pettis",0,FALSE
"Caldwell",0,FALSE
"Daniels",0,FALSE
"Garden",0,FALSE
"Loup",0,FALSE
"Benson",0,FALSE
"Blaine",0,FALSE
"Taliaferro",0,FALSE
"Allen",0,FALSE
"Letcher",0,FALSE
"Calloway",0,FALSE
"Keweenaw",0,FALSE
"Holt",0,FALSE
"Mitchell",0,FALSE
"Marshall",0,FALSE
"Macon",0,FALSE
"Aransas",0,FALSE
"Grand",0,FALSE
"Tazewell",0,FALSE
"Weston",0,FALSE
"Cleveland",0,FALSE
"Custer",0,FALSE
"Falls Church",0,FALSE
"Madison",0,FALSE
"Ritchie",0,FALSE
"Braxton",0,FALSE
"Gilmer",0,FALSE
"Big Horn",0,FALSE
"Pickens",0,FALSE
"Lafayette",0,FALSE
"Doddridge",0,FALSE
"Calhoun",0,FALSE
"Sublette",0,FALSE
"King",0,FALSE
"Screven",0,FALSE
"Dolores",0,FALSE
"Kane",0,FALSE
"Fayette",0,FALSE
"White",0,FALSE
"Lewis",0,FALSE
"Breathitt",0,FALSE
"Harrison",0,FALSE
"Jackson",0,FALSE
"Menifee",0,FALSE
"Winn",0,FALSE
"Montmorency",0,FALSE
"Petroleum",0,FALSE
"Harding",0,FALSE
"Houston",0,FALSE
"San Saba",0,FALSE
"Shelby",0,FALSE
"Madison",0,FALSE
"Wayne",0,FALSE
"Rappahannock",0,FALSE
"Monroe",0,FALSE
"Gibson",0,FALSE
"Marshall",0,FALSE
"Motley",0,FALSE
"Calhoun",0,FALSE
"Hickory",0,FALSE
"Ramsey",0,FALSE
"Jackson",0,FALSE
"Roane",0,FALSE
"Sioux",0,FALSE
"Washington",0,FALSE
"Pike",0,FALSE
"Breckinridge",0,FALSE
"Martin",0,FALSE
"Crittenden",0,FALSE
"Issaquena",0,FALSE
"Mineral",0,FALSE
"Montgomery",0,FALSE
"Keokuk",0,FALSE
"Knott",0,FALSE
"Anderson",0,FALSE
"Ballard",0,FALSE
"Livingston",0,FALSE
"St. Helena",0,FALSE
"Pendleton",0,FALSE
"Lawrence",0,FALSE
"Vermilion",0,FALSE
"Robertson",0,FALSE
"Warren",0,FALSE
"Missoula",0,FALSE
"Grant",0,FALSE
"Union",0,FALSE
"Hooker",0,FALSE
"Comanche",0,FALSE
"Newton",0,FALSE
"Clay",0,FALSE
"Leslie",0,FALSE
"Stone",0,FALSE
"Pondera",0,FALSE
"Thomas",0,FALSE
"Perry",0,FALSE
"Loving",0,FALSE
"Josephine",0,FALSE
"Scott",0,FALSE
"Webster",0,FALSE
"Rockcastle",0,FALSE
"Dallas",0,FALSE
"Mellette",0,FALSE
"Maury",0,FALSE
"Geauga",0,FALSE
"Nelson",0,FALSE
"Del Norte",0,FALSE
"Lincoln",0,FALSE
"Lafourche",0,FALSE
"McIntosh",0,FALSE
"Renville",0,FALSE
"Edwards",0,FALSE
"St. Tammany",0,FALSE
"Cameron",0,FALSE
"Caldwell",0,FALSE
"Stephens",0,FALSE
"Hardy",0,FALSE
"Tripp",0,FALSE
"Howard",0,FALSE
"Owsley",0,FALSE
"Washington",0,FALSE
"Edwards",0,FALSE
"Hampshire",0,FALSE
"Faulkner",0,FALSE
"Wilcox",0,FALSE
"Wayne",0,FALSE
"Prairie",0,FALSE
"Ziebach",0,FALSE
"Grenada",0,FALSE
"Logan",0,FALSE
"Fergus",0,FALSE
"Williamson",0,FALSE
"McMullen",0,FALSE
"Franklin",0,FALSE
"Yuma",0,FALSE
"Blackford",0,FALSE
"Fentress",0,FALSE
"Kidder",0,FALSE
"Fredericksburg",0,FALSE
"Worth",0,FALSE
"Alcorn",0,FALSE
"Sumter",0,FALSE
"Greenlee",0,FALSE
"Hardin",0,FALSE
"Crawford",0,FALSE
"Haralson",0,FALSE
"Chautauqua",0,FALSE
"Meade",0,FALSE
"Coffee",0,FALSE
"Traverse",0,FALSE
"Greene",0,FALSE
"Tishomingo",0,FALSE
"Claiborne",0,FALSE
"Bullock",0,FALSE
"Mercer",0,FALSE
"Sheridan",0,FALSE
"Dundy",0,FALSE
"Pawnee",0,FALSE
"Park",0,FALSE
"McDonald",0,FALSE
"Spink",0,FALSE
"Latimer",0,FALSE
"McCook",0,FALSE
"Washakie",0,FALSE
"Milam",0,FALSE
"Niobrara",0,FALSE
"Alleghany",0,FALSE
"Kerr",0,FALSE
"Edwards",0,FALSE
"Decatur",0,FALSE
"Sutton",0,FALSE
"Smyth",0,FALSE
"Staunton",0,FALSE
"Nottoway",0,FALSE
"Charlottesville",0,FALSE
"Fairfax",0,FALSE
"Watauga",0,FALSE
"Webster",0,FALSE
"Clay",0,FALSE
"Quitman",0,FALSE
"Eddy",0,FALSE
"Harmon",0,FALSE
"Marion",0,FALSE
"Logan",0,FALSE
"Wells",0,FALSE
"Dunn",0,FALSE
"Scott",0,FALSE
"Jefferson",0,FALSE
"Kiowa",0,FALSE
"Sully",0,FALSE
"Lipscomb",0,FALSE
"Sharp",0,FALSE
"Washington",0,FALSE
"Mineral",0,FALSE
"Noble",0,FALSE
"Lee",0,FALSE
"Clinton",0,FALSE
"Franklin",0,FALSE
"Assumption",0,FALSE
"Perkins",0,FALSE
"Butler",0,FALSE
"Gladwin",0,FALSE
"Lake",0,FALSE
"Washington",0,FALSE
"Jefferson",0,FALSE
"Aitkin",0,FALSE
"Avery",0,FALSE
"Schuyler",0,FALSE
"Kearny",0,FALSE
"Prentiss",0,FALSE
"Woodson",0,FALSE
"Webster",0,FALSE
"Oktibbeha",0,FALSE
"Yalobusha",0,FALSE
"Jasper",0,FALSE
"Adams",0,FALSE
"Jefferson",0,FALSE
"Franklin",0,FALSE
"Casey",0,FALSE
"Andrew",0,FALSE
"Warren",0,FALSE
"Spencer",0,FALSE
"Adair",0,FALSE
"Knox",0,FALSE
"Washington",0,FALSE
"Carter",0,FALSE
"Bollinger",0,FALSE
"Ohio",0,FALSE
"Clinch",0,FALSE
"Treasure",0,FALSE
"Lumpkin",0,FALSE
"Hamilton",0,FALSE
"Terrell",0,FALSE
"Poinsett",0,FALSE
"Kosciusko",0,FALSE
"Fulton",0,FALSE
"Rawlins",0,FALSE
"Trigg",0,FALSE
"Medina",0,FALSE
"Robertson",0,FALSE
"Blanco",0,FALSE
"Boyle",0,FALSE
"Montgomery",0,FALSE
"Bandera",0,FALSE
"Henry",0,FALSE
"Carlisle",0,FALSE
"Barry",0,FALSE
"Metcalfe",0,FALSE
"Hanson",0,FALSE
"Pickens",0,FALSE
"Poquoson",0,FALSE
"Miner",0,FALSE
"Johnson",0,FALSE
"Dodge",0,FALSE
"Glascock",0,FALSE
"Crook",0,FALSE
"Carroll",0,FALSE
"Banks",0,FALSE
"Atkinson",0,FALSE
"Lewis",0,FALSE
"Putnam",0,FALSE
"Grant",0,FALSE
"Grundy",0,FALSE
"Montgomery",0,FALSE
"Trousdale",0,FALSE
"Clarke",0,FALSE
"Chase",0,FALSE
"Jefferson",0,FALSE
"Adair",0,FALSE
"Cimarron",0,FALSE
"Labette",0,FALSE
"Graves",0,FALSE
"Hickman",0,FALSE
"Roseau",0,FALSE
"Evans",0,FALSE
"Ottawa",0,FALSE
"Hancock",0,FALSE
"Rockdale",0,FALSE
"Monroe",0,FALSE
"Oregon",0,FALSE
"Mississippi",0,FALSE
"Crawford",0,FALSE
"Powder River",0,FALSE
"Chase",0,FALSE
"Nuckolls",0,FALSE
"Irwin",0,FALSE
"Bennett",0,FALSE
"Oneida",0,FALSE
"Crawford",0,FALSE
"Wayne",0,FALSE
"Wayne",0,FALSE
"Monona",0,FALSE
"Lawrence",0,FALSE
"Lawrence",0,FALSE
"Bottineau",0,FALSE
"Pickett",0,FALSE
"Unicoi",0,FALSE
"Greene",0,FALSE
"Oglala Lakota",0,FALSE
"Taylor",0,FALSE
"Waynesboro",0,FALSE
"Latah",0,FALSE
"Shawano",0,FALSE
"Buena Vista",0,FALSE
"Morton",0,FALSE
"Upshur",0,FALSE
"Summers",0,FALSE
"Geneva",0,FALSE
"Fayette",0,FALSE
"Polk",0,FALSE
"Lee",0,FALSE
"Bland",0,FALSE
"Norton",0,FALSE
"Phillips",0,FALSE
"Alfalfa",0,FALSE
"Coos",0,FALSE
"Menominee",0,FALSE
"Walker",0,FALSE
"Marshall",0,FALSE
"Archuleta",0,FALSE
"Golden Valley",0,FALSE
"Towner",0,FALSE
"Todd",0,FALSE
"Sargent",0,FALSE
"Jackson",0,FALSE
"Newton",0,FALSE
"Cross",0,FALSE
"Zavala",0,FALSE
"McPherson",0,FALSE
"Hayes",0,FALSE
"Banner",0,FALSE
"Lincoln",0,FALSE
"Roscommon",0,FALSE
"Harrison",0,FALSE
"Divide",0,FALSE
"Pike",0,FALSE
"Ray",0,FALSE
"Okmulgee",0,FALSE
"Bibb",0,FALSE
"Winston",0,FALSE
"Lee",0,FALSE
"Marion",0,FALSE
"Wayne",0,FALSE
"Benzie",0,FALSE
"Lincoln",0,FALSE
"Shannon",0,FALSE
"Cotton",0,FALSE
"Sharkey",0,FALSE
"Simpson",0,FALSE
"Wibaux",0,FALSE
"Amite",0,FALSE
"Wayne",0,FALSE
"Franklin",0,FALSE
"Ripley",0,FALSE
"Cooper",0,FALSE
"Howard",0,FALSE
"Sherman",0,FALSE
"Hill",0,FALSE
"Perry",0,FALSE
"Dawes",0,FALSE
"Rock",0,FALSE
"Crawford",0,FALSE
"Henry",0,FALSE
"Webster",0,FALSE
"Butler",0,FALSE
"Morrill",0,FALSE
"Coshocton",0,FALSE
"Union",0,FALSE
"Chester",0,FALSE
"Itawamba",0,FALSE
"Piute",0,FALSE
"Bond",0,FALSE
"Holmes",0,FALSE
"Columbia",0,FALSE
"Green",0,FALSE
"Allen",0,FALSE
"Perkins",0,FALSE
"Boyd",0,FALSE
"Van Buren",0,FALSE
"Norton",0,FALSE
"Lewis",0,FALSE
"Goshen",0,FALSE
"Van Buren",0,FALSE
"Pemiscot",0,FALSE
"Iron",0,FALSE
"Ozark",0,FALSE
"Harrison",0,FALSE
"Drew",0,FALSE
"Harrison",0,FALSE
"Wheeler",0,FALSE
"Dawson",0,FALSE
"Todd",0,FALSE
"Lake",0,FALSE
"Jackson",0,FALSE
"Logan",0,FALSE
"Lane",0,FALSE
"Christian",0,FALSE
"Colonial Heights",0,FALSE
"Logan",0,FALSE
"Texas",0,FALSE
"Dooly",0,FALSE
"Morgan",0,FALSE
"Cannon",0,FALSE
"Fulton",0,FALSE
"Flagler",0,FALSE
"Carroll",0,FALSE
"Hall",0,FALSE
"Edmunds",0,FALSE
"Jennings",0,FALSE
"Fayette",0,FALSE
"Ripley",0,FALSE
"Pike",0,FALSE
"Potter",0,FALSE
"Lavaca",0,FALSE
"Nelson",0,FALSE
"Humboldt",0,FALSE
"Cottle",0,FALSE
"Montague",0,FALSE
"Terry",0,FALSE
"Sheridan",0,FALSE
"Saline",0,FALSE
"Carter",0,FALSE
"Prairie",0,FALSE
"Ashland",0,FALSE
"Greeley",0,FALSE
"Box Butte",0,FALSE
"Wadena",0,FALSE
"Neshoba",0,FALSE
"Pontotoc",0,FALSE
"Montgomery",0,FALSE
"Cumberland",0,FALSE
"Tallahatchie",0,FALSE
"Sullivan",0,FALSE
"Mifflin",0,FALSE
"Luce",0,FALSE
"Craig",0,FALSE
"Galax",0,FALSE
"Foster",0,FALSE
"Marquette",0,FALSE
"Clay",0,FALSE
"Tippah",0,FALSE
"Quitman",0,FALSE
"Hocking",0,FALSE
"Custer",0,FALSE
"Newton",0,FALSE
"Douglas",0,FALSE
"Fayette",0,FALSE
"Harding",0,FALSE
"Johnson",0,FALSE
"Gasconade",0,FALSE
"Logan",0,FALSE
"Lafayette",0,FALSE
"Winston",0,FALSE
"Steuben",0,FALSE
"Tillman",0,FALSE
"Jefferson",0,FALSE
"Henry",0,FALSE
"Hitchcock",0,FALSE
"Grant",0,FALSE
"Walworth",0,FALSE
"Waupaca",0,FALSE
"Cleburne",0,FALSE
"Ben Hill",0,FALSE
"Maries",0,FALSE
"Warren",0,FALSE
"Calhoun",0,FALSE
"Forest",0,FALSE
"Turner",0,FALSE
"Blaine",0,FALSE
"Nance",0,FALSE
"Boone",0,FALSE
"Fairfield",0,FALSE
"Kendall",0,FALSE
"Gillespie",0,FALSE
"Dallam",0,FALSE
"Stanton",0,FALSE
"Gallatin",0,FALSE
"Harvey",0,FALSE
"Jewell",0,FALSE
"Saline",0,FALSE
"Clarke",0,FALSE
"Mercer",0,FALSE
"Bacon",0,FALSE
"Barry",0,FALSE
"Forest",0,FALSE
"Boone",0,FALSE
"Langlade",0,FALSE
"Henderson",0,FALSE
"Collingsworth",0,FALSE
"Tift",0,FALSE
"Perry",0,FALSE
"Bledsoe",0,FALSE
"Monroe",0,FALSE
"DeWitt",0,FALSE
"Hubbard",0,FALSE
"Sheridan",0,FALSE
"Lafayette",0,FALSE
"Vilas",0,FALSE
"Smith",0,FALSE
"Socorro",0,FALSE
"Williamsburg",0,FALSE
"Sioux",0,FALSE
"Moniteau",0,FALSE
"Cherokee",0,FALSE
"Lexington",0,FALSE
"Wirt",0,FALSE
"Mahnomen",0,FALSE
