"NAME","n_facilities"
"Los Angeles",237
"Kern",218
"Worcester",173
"San Bernardino",143
"Riverside",102
"San Diego",89
"Fresno",87
"Hampden",75
"Imperial",70
"Harris",66
"Middlesex",62
"Plymouth",62
"Maricopa",58
"Bristol",57
"Sacramento",57
"Clark",57
"Middlesex",56
"Santa Clara",56
"Suffolk",52
"Providence",51
"St. Lawrence",48
"Orange",47
"Chisago",46
"Tulare",45
"Orange",45
"Robeson",45
"Southeastern Connecticut",43
"Kings",40
"Burlington",39
"Shasta",38
"Stearns",38
"Wayne",36
"Duplin",36
"Weld",34
"Capitol",33
"Solano",33
"Nash",32
"Hampshire",32
"Pima",32
"Franklin",31
"Johnston",30
"Goodhue",30
"Dakota",30
"Contra Costa",29
"Cook",29
"Essex",29
"Norfolk",29
"Jefferson",29
"Marion",29
"Clackamas",29
"Polk",29
"Saratoga",29
"Adams",29
"Cleveland",29
"Brazoria",28
"Monroe",28
"Berkshire",28
"Pipestone",28
"Somerset",27
"Alameda",27
"Monterey",27
"Prince George's",27
"Oswego",27
"Sherburne",27
"San Joaquin",26
"Wright",26
"Lewis",26
"Twin Falls",25
"Rice",25
"Lincoln",25
"Mercer",24
"Somerset",23
"Erie",23
"Marion",23
"Blue Earth",22
"Monmouth",22
"Westchester",22
"Madera",22
"Bexar",22
"Albany",22
"Hudson",22
"Chittenden",22
"Hidalgo",21
"Butte",21
"Renville",21
"Oneida",21
"Placer",21
"Union",21
"Clinton",21
"Tarrant",21
"Sonoma",20
"Kings",20
"Cumberland",20
"Onondaga",20
"Columbus",20
"Will",20
"Dutchess",20
"Penobscot",20
"Ulster",19
"Hillsborough",19
"Pinal",19
"Camden",19
"Sullivan",19
"Pecos",19
"Carver",19
"McLeod",19
"Gloucester",18
"Merced",18
"Stanislaus",18
"Ventura",18
"Washington",18
"Huron",18
"Dodge",18
"Barnstable",18
"Dane",18
"Iron",18
"Morrow",18
"Waseca",18
"Kennebec",18
"Baltimore",17
"Harford",17
"Northampton",17
"New York",17
"Inyo",17
"Elmore",17
"Washington",17
"Tuolumne",17
"Beaver",17
"Ocean",17
"El Paso",17
"Randolph",17
"Pope",17
"Martin",16
"Scotland",16
"Klamath",16
"Travis",16
"Queens",16
"Hertford",16
"Duval",16
"Hunterdon",16
"Atlantic",16
"Halifax",16
"Adair",16
"Logan",16
"Winona",16
"Rensselaer",16
"Olmsted",16
"Le Sueur",16
"Fulton",16
"Catawba",16
"Androscoggin",16
"Nassau",15
"Cameron",15
"Steele",15
"Morris",15
"Cumberland",15
"El Dorado",15
"Galveston",15
"Sampson",15
"Montgomery",15
"Bladen",15
"Lancaster",15
"South Central Connecticut",15
"Spartanburg",15
"Niagara",15
"Rowan",15
"Howard",15
"Gaston",15
"Benton",15
"Story",15
"Kent",15
"Fort Bend",14
"New Castle",14
"District of Columbia",14
"Warren",14
"Essex",14
"Pueblo",14
"Chippewa",14
"Ontario",14
"Wilson",14
"Klickitat",14
"Rutland",14
"Stephenson",14
"Bernalillo",14
"Bronx",14
"Malheur",13
"Yolo",13
"Fulton",13
"Salt Lake",13
"Redwood",13
"Mohave",13
"Douglas",13
"Grafton",13
"Genesee",13
"Vance",13
"San Luis Obispo",13
"Addison",13
"Carbon",13
"Umatilla",13
"LaSalle",13
"Nolan",13
"Scurry",13
"Wyoming",13
"Lyon",13
"Schenectady",13
"Somerset",12
"Nueces",12
"Naugatuck Valley",12
"Richmond",12
"Harnett",12
"Larimer",12
"Gilliam",12
"Lake",12
"Boulder",12
"Washington",12
"Herkimer",12
"Washoe",12
"Rutherford",12
"Wayne",12
"Santa Barbara",12
"Northeastern Connecticut",12
"Franklin",12
"Whatcom",12
"Calcasieu",12
"Richmond",12
"Jackson",12
"Winnebago",12
"Kankakee",12
"Lenoir",12
"Caddo",12
"Guilford",12
"Chatham",12
"Lea",12
"Merrimack",12
"Yamhill",12
"Outagamie",12
"Linn",12
"Wake",12
"Oxford",11
"Webb",11
"Alachua",11
"Lexington",11
"Beaufort",11
"Lane",11
"Franklin",11
"Anderson",11
"Plumas",11
"Arapahoe",11
"Orangeburg",11
"Darlington",11
"Churchill",11
"Moore",11
"Montgomery",11
"Jackson",11
"King",11
"Montgomery",11
"Pitt",11
"Philadelphia",11
"Aroostook",11
"Orange",11
"Ector",11
"Western Connecticut",11
"Craven",11
"Reeves",11
"Kandiyohi",11
"Lee",11
"Madison",11
"Cumberland",11
"Lake",11
"Steuben",11
"Franklin",11
"Kane",11
"Nobles",11
"Dallas",11
"White",11
"Kent",10
"Clay",10
"Brevard",10
"Anson",10
"Wayne",10
"Victoria",10
"Cattaraugus",10
"Washington",10
"Cuyahoga",10
"Morton",10
"Utah",10
"Scott",10
"Suffolk",10
"Coos",10
"Denver",10
"McHenry",10
"Greater Bridgeport",10
"Wayne",10
"DeKalb",10
"Jerome",10
"Jackson",10
"Allegany",10
"Baltimore",10
"Ottawa",10
"Rockingham",10
"Miami-Dade",10
"Champaign",10
"Warren",10
"Tompkins",10
"Greene",10
"Bonneville",10
"Lowndes",9
"St. Clair",9
"Chautauqua",9
"Onslow",9
"Baker",9
"York",9
"Halifax",9
"Marinette",9
"Nevada",9
"Allegheny",9
"Sherman",9
"Bucks",9
"Carson",9
"Madison",9
"Burke",9
"Newport",9
"Mono",9
"Franklin",9
"Hennepin",9
"Florence",9
"Nicollet",9
"Garrett",9
"Lower Connecticut River Valley",9
"Windsor",9
"Lee",9
"Chippewa",9
"Montrose",9
"Doña Ana",9
"Washington",9
"Genesee",9
"Murray",9
"Perquimans",9
"Hillsborough",9
"Campbell",9
"Ada",9
"Gooding",9
"St. Joseph",9
"Rockland",9
"Wabasha",9
"Northwest Hills",9
"St. Lucie",9
"McLean",9
"Granville",9
"Person",9
"Alamance",9
"Alamosa",9
"Tioga",9
"Converse",9
"Washington",9
"Torrance",9
"Montgomery",9
"Palm Beach",9
"Valencia",9
"Garfield",9
"Escambia",8
"Accomack",8
"Edgecombe",8
"Yuma",8
"Mesa",8
"Andrews",8
"St. Louis",8
"Sutter",8
"Lee",8
"Sandoval",8
"El Paso",8
"Kittitas",8
"Juneau",8
"Richmond",8
"Northampton",8
"Jefferson",8
"Pender",8
"Starr",8
"Anne Arundel",8
"Jones",8
"Manatee",8
"Schuylkill",8
"Wood",8
"Cambria",8
"Lancaster",8
"Shiawassee",8
"Black Hawk",8
"Morgan",8
"Kay",8
"Beaver",8
"Franklin",8
"Whiteside",8
"Bradford",8
"Sussex",8
"Kent",8
"Kossuth",8
"Butler",8
"Cochise",8
"Jasper",8
"Polk",8
"Berks",8
"Yadkin",8
"Luzerne",8
"Caledonia",8
"Wood",8
"Chaves",8
"Taylor",8
"Hancock",8
"Worth",7
"Marquette",7
"Martin",7
"Calhoun",7
"Power",7
"Deschutes",7
"Louisa",7
"Sussex",7
"San Mateo",7
"Mecklenburg",7
"Queen Anne's",7
"Pittsylvania",7
"Berkeley",7
"Guadalupe",7
"San Patricio",7
"Lucas",7
"Paulding",7
"Cascade",7
"Armstrong",7
"Williamson",7
"Burke",7
"Bergen",7
"Passaic",7
"Cherokee",7
"Hampton",7
"Washington",7
"Jefferson",7
"Berrien",7
"Union",7
"Surry",7
"Howard",7
"Cabarrus",7
"Tippecanoe",7
"Walton",7
"Rock",7
"Ford",7
"Wilson",7
"Hendry",7
"Denton",7
"Grayson",7
"Greenville",7
"Winnebago",7
"Marathon",7
"Lassen",7
"Spokane",7
"DeSoto",7
"Calhoun",7
"Meeker",7
"Mower",7
"Tuscola",7
"Bureau",7
"Chemung",7
"Grady",7
"Ogle",7
"Cortland",7
"Chesapeake",7
"Vermilion",7
"Columbia",7
"Cottonwood",7
"Cecil",6
"Delta",6
"Park",6
"Livingston",6
"Cumberland",6
"Wharton",6
"Moore",6
"Lewis",6
"Effingham",6
"Somerset",6
"Frederick",6
"Rockingham",6
"Strafford",6
"Mitchell",6
"Pierce",6
"Osceola",6
"Richland",6
"Montgomery",6
"Ward",6
"Buncombe",6
"Rio Arriba",6
"Rusk",6
"Volusia",6
"Humboldt",6
"Bertie",6
"Delaware",6
"Davidson",6
"Stanly",6
"Linn",6
"Faribault",6
"Chesterfield",6
"Benton",6
"Taylor",6
"Napa",6
"Amherst",6
"Yakima",6
"Floyd",6
"Hamilton",6
"Garfield",6
"Cayuga",6
"Collin",6
"Lamar",6
"Broward",6
"Lamoille",6
"Indian River",6
"Bay",6
"Davie",6
"Dougherty",6
"Butler",6
"Pratt",6
"Carlton",6
"Williams",6
"Willacy",6
"Montgomery",6
"Lubbock",6
"Gratiot",6
"Grundy",6
"Williamson",6
"Sangamon",6
"Tehama",6
"Hill",6
"Cass",6
"Atchison",6
"Oldham",6
"Freeborn",6
"Fillmore",6
"Orleans",6
"Manassas",6
"Storey",6
"Trumbull",6
"Manitowoc",6
"Iredell",6
"Milwaukee",6
"Laramie",6
"Poweshiek",6
"Adams",6
"Marshall",6
"Jeff Davis",6
"Decatur",6
"Borden",6
"Seneca",6
"Upton",6
"Macon",6
"Woodward",6
"Madison",6
"San Francisco",6
"Osceola",6
"Bell",6
"Kit Carson",6
"Curry",6
"Luna",6
"St. Charles",6
"Washtenaw",6
"Pasco",5
"Chatham",5
"Alpena",5
"Iron",5
"Currituck",5
"Horry",5
"Calaveras",5
"Putnam",5
"East Baton Rouge",5
"Jackson",5
"Henry",5
"Wasatch",5
"Chester",5
"Chambers",5
"Orleans",5
"Kent",5
"Dukes",5
"Taos",5
"Amador",5
"Union",5
"Calhoun",5
"Crane",5
"York",5
"Cherokee",5
"Oconee",5
"Trinity",5
"Jefferson",5
"Mobile",5
"Boone",5
"Spotsylvania",5
"Dewey",5
"Cassia",5
"St. Mary",5
"Snohomish",5
"Chippewa",5
"Hardee",5
"Siskiyou",5
"Lewis and Clark",5
"Greene",5
"Kenedy",5
"Charles",5
"Iberville",5
"Montezuma",5
"Rabun",5
"Grant",5
"Pinellas",5
"Warren",5
"Navajo",5
"Jackson",5
"Mitchell",5
"Allegan",5
"Tulsa",5
"Caswell",5
"Haskell",5
"Hansford",5
"Early",5
"Otero",5
"Windham",5
"Platte",5
"Lyon",5
"Greene",5
"Peoria",5
"Morgan",5
"Neosho",5
"Lincoln",5
"Barnwell",5
"Sheboygan",5
"Polk",5
"Brown",5
"Delaware",5
"Douglas",5
"Sandusky",5
"St. Louis",5
"Millard",5
"Bennington",5
"Dickinson",5
"Dodge",5
"Dunn",5
"Henry",5
"Jefferson",5
"Randolph",5
"Barron",5
"Sterling",5
"Monongalia",5
"Sweetwater",5
"Forsyth",5
"Medina",5
"Harper",5
"Glasscock",5
"Isanti",5
"Sibley",5
"Yellowstone",5
"Orange",5
"Webster",5
"Chowan",5
"Lincoln",5
"Adams",5
"Quay",5
"Jackson",5
"Sanpete",5
"Saginaw",5
"Clay",5
"Dubuque",5
"Cibola",5
"Hutchinson",5
"Hancock",5
"Custer",5
"Coffey",5
"Antelope",5
"Durham",5
"Mayes",5
"Ramsey",5
"Benton",5
"Douglas",5
"Cerro Gordo",5
"Grant",5
"Wilbarger",5
"Darke",5
"Montcalm",5
"Heard",5
"Grant",5
"Thomas",5
"Lincoln",5
"Rock",5
"Orleans",5
"Johnson",5
"Dickinson",5
"Lincoln",5
"Cooke",5
"Santa Cruz",4
"Jay",4
"Elmore",4
"Stokes",4
"York",4
"Hamilton",4
"Thurston",4
"Lake",4
"Yuba",4
"Huerfano",4
"DeKalb",4
"Bulloch",4
"Clay",4
"Gray",4
"Centre",4
"Pickens",4
"Weber",4
"Henrico",4
"Bedford",4
"Santa Rosa",4
"Muscogee",4
"Brunswick",4
"Henderson",4
"Beaufort",4
"Lake",4
"Waldo",4
"Menominee",4
"Franklin",4
"Greene",4
"Carroll",4
"Whitman",4
"De Witt",4
"San Benito",4
"Houston",4
"Clarendon",4
"Mills",4
"Autauga",4
"Essex",4
"Matagorda",4
"Cache",4
"DuPage",4
"Campbell",4
"Fremont",4
"Yavapai",4
"Hamilton",4
"Jasper",4
"Shelby",4
"Box Elder",4
"Bibb",4
"Marion",4
"Young",4
"Suwannee",4
"Rosebud",4
"Dorchester",4
"Salem",4
"Colfax",4
"Skagit",4
"Wicomico",4
"Navarro",4
"Rockingham",4
"Greensville",4
"Fremont",4
"Mecklenburg",4
"Flathead",4
"Grays Harbor",4
"Clinton",4
"Bosque",4
"Nassau",4
"Surry",4
"Cowlitz",4
"Camden",4
"Yellow Medicine",4
"Lincoln",4
"Walla Walla",4
"Greenwood",4
"Davidson",4
"Fayette",4
"Sullivan",4
"Indiana",4
"Prowers",4
"Itasca",4
"Wayne",4
"Miami",4
"Clark",4
"Porter",4
"Wyandotte",4
"Douglas",4
"Washington",4
"Ellis",4
"Jack",4
"Fond du Lac",4
"Polk",4
"Richland",4
"Auglaize",4
"Henry",4
"Broome",4
"Finney",4
"Lyon",4
"Livingston",4
"St. Francois",4
"Wheatland",4
"Vernon",4
"Otoe",4
"Sedgwick",4
"Hunt",4
"Falls",4
"Concho",4
"St. James",4
"Pulaski",4
"Grundy",4
"Pocahontas",4
"Hot Spring",4
"Jasper",4
"Brookings",4
"Bay",4
"Sanilac",4
"Muscatine",4
"Portage",4
"Kootenai",4
"Sumner",4
"Martin",4
"Harney",4
"McDonough",4
"Logan",4
"Knox",4
"Wayne",4
"Blair",4
"Oakland",4
"Kalamazoo",4
"Oklahoma",4
"Franklin",4
"Jefferson",4
"Murray",4
"Branch",4
"Iosco",4
"San Miguel",4
"Meriwether",4
"Nye",4
"Kingfisher",4
"Lorain",4
"Columbia",4
"Zapata",4
"Bremer",4
"Polk",4
"Washington",4
"Macon",4
"Orange",4
"Ford",4
"Carbon",4
"Tama",4
"McLennan",4
"Crosby",4
"Webster",4
"Lycoming",4
"Columbia",4
"Richland",4
"Haywood",4
"Elkhart",4
"St. Joseph",4
"Okeechobee",4
"Ouachita",4
"Caldwell",4
"Lauderdale",4
"McNairy",4
"Kent",4
"Cobb",4
"Taylor",4
"Madison",4
"Miami",4
"Hardin",4
"Canadian",4
"Montgomery",4
"Fairfield",4
"Henry",4
"Covington",4
"Ingham",4
"Mississippi",3
"La Plata",3
"Glynn",3
"Columbia",3
"Owyhee",3
"Perry",3
"Washington",3
"Caddo",3
"Talbot",3
"Osage",3
"Aiken",3
"Maverick",3
"Val Verde",3
"Harrison",3
"Pleasants",3
"Jefferson",3
"Grand",3
"Gilchrist",3
"Twiggs",3
"Washington",3
"Sagadahoc",3
"Morrison",3
"Brown",3
"Yates",3
"Westmoreland",3
"Anderson",3
"Montgomery",3
"Stevens",3
"Leon",3
"Coconino",3
"Apache",3
"Marin",3
"New Hanover",3
"Macon",3
"Pasquotank",3
"Multnomah",3
"Marlboro",3
"Georgetown",3
"Caribou",3
"Rock Island",3
"St. Bernard",3
"Warren",3
"Cass",3
"Big Horn",3
"Roosevelt",3
"Cape May",3
"San Juan",3
"Grant",3
"Isle of Wight",3
"Prince William",3
"Westmoreland",3
"Clark",3
"Mason",3
"Grant",3
"Uinta",3
"Colusa",3
"Calhoun",3
"Marion",3
"Loudon",3
"Otsego",3
"Lander",3
"Sierra",3
"Otsego",3
"Chenango",3
"Hoke",3
"Dauphin",3
"Leelanau",3
"Macomb",3
"Franklin",3
"Williams",3
"Essex",3
"Jefferson",3
"Emery",3
"Chelan",3
"Natrona",3
"Washington",3
"Jefferson",3
"Murray",3
"Spencer",3
"Fauquier",3
"Vigo",3
"Ascension",3
"Crook",3
"Allendale",3
"Robertson",3
"Jasper",3
"Bee",3
"Culberson",3
"Chaffee",3
"Brazos",3
"Cass",3
"Clearfield",3
"Buckingham",3
"Grant",3
"Orange",3
"Monroe",3
"Putnam",3
"Pointe Coupee",3
"Marion",3
"Baraga",3
"Southampton",3
"Crockett",3
"Teton",3
"Muskogee",3
"Benton",3
"King William",3
"Greenbrier",3
"Dunklin",3
"Acadia",3
"Sac",3
"Davis",3
"Lee",3
"Baca",3
"Charlotte",3
"Franklin",3
"Woodbury",3
"Lenawee",3
"Mason",3
"Dixon",3
"Comanche",3
"Saluda",3
"Hyde",3
"Oneida",3
"Washington",3
"Gates",3
"Bastrop",3
"Coke",3
"Summit",3
"Snyder",3
"Shelby",3
"Saline",3
"Isabella",3
"Cedar",3
"Hamilton",3
"Crawford",3
"Fayette",3
"Beaver",3
"Hood River",3
"Lee",3
"Independence",3
"Deuel",3
"Upson",3
"Mitchell",3
"Chester",3
"Suffolk",3
"Madison",3
"Greene",3
"Adams",3
"Guthrie",3
"Palo Alto",3
"Cherokee",3
"Hendricks",3
"Audubon",3
"Floyd",3
"Harper",3
"Polk",3
"Sullivan",3
"Knox",3
"Boone",3
"Hidalgo",3
"Fannin",3
"Yoakum",3
"Nodaway",3
"Worcester",3
"Humboldt",3
"Sullivan",3
"Hillsdale",3
"St. Clair",3
"Howard",3
"Montgomery",3
"Iroquois",3
"Clayton",3
"Cavalier",3
"Christian",3
"Sawyer",3
"Jackson",3
"Platte",3
"Adams",3
"Iowa",3
"Troup",3
"Tazewell",3
"Danville",3
"Roger Mills",3
"Fluvanna",3
"Salem",3
"Lincoln",3
"Barnes",3
"Mercer",3
"Cole",3
"Stutsman",3
"Miami",3
"Washington",3
"Missaukee",3
"Brown",3
"Lackawanna",3
"Burleigh",3
"Morgan",3
"Otter Tail",3
"Putnam",3
"Kenton",3
"Carroll",3
"Audrain",3
"Shelby",3
"Lamar",3
"Mineral",3
"Choctaw",3
"Schuyler",3
"Lynn",3
"Cuming",3
"Dawson",3
"Clarke",3
"Cheboygan",3
"Wyoming",3
"Columbia",3
"Shawnee",3
"Terrell",3
"Clark",3
"Stevens",3
"Garland",3
"Wichita",3
"Calhoun",3
"Barton",3
"Llano",3
"Dodge",3
"Cowley",3
"Boone",3
"Throckmorton",3
"Ellis",3
"Lincoln",3
"Frio",3
"Jackson",3
"Grundy",3
"Lebanon",3
"Alexander",3
"Ross",3
"Roosevelt",3
"Florence",3
"Hale",3
"Van Wert",3
"Oconto",3
"Price",3
"Hopewell",3
"Hood",3
"Greene",3
"Gosper",3
"Oliver",3
"Johnson",3
"Washita",3
"Iowa",3
"Burnett",3
"Manistee",3
"Monroe",3
"Clay",3
"Clark",3
"Lauderdale",3
"Eaton",3
"Dawson",3
"Newaygo",3
"Franklin",3
"Houston",2
"Taylor",2
"Citrus",2
"Lee",2
"Liberty",2
"Franklin",2
"Clark",2
"Clearwater",2
"Monroe",2
"Lowndes",2
"Lincoln",2
"Ottawa",2
"Le Flore",2
"Greene",2
"Tooele",2
"Juab",2
"James City",2
"Northampton",2
"Mason",2
"Boone",2
"Buffalo",2
"Trempealeau",2
"Teton",2
"Calhoun",2
"Douglas",2
"Clear Creek",2
"Wakulla",2
"Tattnall",2
"Daviess",2
"Osage",2
"Kiowa",2
"Mercer",2
"Kanabec",2
"Sanders",2
"Cleveland",2
"Kershaw",2
"Pennington",2
"Kaufman",2
"Winkler",2
"Burnet",2
"Warren",2
"Pulaski",2
"Douglas",2
"Elbert",2
"La Paz",2
"Desha",2
"Carroll",2
"Clay",2
"Pamlico",2
"Washington",2
"McCurtain",2
"Warren",2
"Carter",2
"Brewster",2
"San Juan",2
"Posey",2
"Scott",2
"Emmet",2
"Nemaha",2
"Talladega",2
"Colbert",2
"Wilcox",2
"Polk",2
"Lowndes",2
"Cape Girardeau",2
"Putnam",2
"Thayer",2
"Wayne",2
"McPherson",2
"Garrard",2
"Piscataquis",2
"Alleghany",2
"Lancaster",2
"Fairfax",2
"Wayne",2
"White",2
"Eagle",2
"Columbia",2
"Sumter",2
"Austin",2
"Haywood",2
"McLean",2
"Steele",2
"Crawford",2
"Carbon",2
"Defiance",2
"Erie",2
"Hempstead",2
"Summit",2
"Lake",2
"Lake",2
"Page",2
"Amelia",2
"Richmond",2
"Fayette",2
"Knox",2
"Davis",2
"Prince George",2
"Ashley",2
"Appling",2
"Brooks",2
"Bannock",2
"Allen",2
"Watonwan",2
"Yazoo",2
"DeKalb",2
"Saline",2
"Monroe",2
"Polk",2
"Gunnison",2
"Seminole",2
"Rhea",2
"Rusk",2
"Hinds",2
"Charles City",2
"Lincoln",2
"Kanawha",2
"Sierra",2
"Lawrence",2
"Allegany",2
"Livingston",2
"West Feliciana",2
"Bates",2
"Wilkinson",2
"Pottawatomie",2
"Lafayette",2
"Jefferson",2
"Jackson",2
"Lake",2
"Mineral",2
"Castro",2
"Graham",2
"Traill",2
"Bryan",2
"Sumner",2
"Randall",2
"Powhatan",2
"Okaloosa",2
"Mendocino",2
"Summit",2
"Cheyenne",2
"Frederick",2
"Ashland",2
"Glenn",2
"Laurens",2
"Comal",2
"Callaway",2
"Greenup",2
"Blaine",2
"Clark",2
"Judith Basin",2
"Hanover",2
"Clay",2
"St. Charles",2
"Pike",2
"Estill",2
"Rapides",2
"Mariposa",2
"Grimes",2
"Baylor",2
"Hyde",2
"Bent",2
"Camden",2
"Lancaster",2
"Madison",2
"Marshall",2
"Newton",2
"Canyon",2
"Las Animas",2
"Chesterfield",2
"Huntingdon",2
"Carbon",2
"Madison",2
"Jackson",2
"Vanderburgh",2
"Vermillion",2
"Tuscaloosa",2
"Montgomery",2
"Johnson",2
"Alcona",2
"Koochiching",2
"Johnson",2
"Burt",2
"Sarpy",2
"Howell",2
"Erath",2
"Collier",2
"Clay",2
"Putnam",2
"Ward",2
"Santa Cruz",2
"Seneca",2
"Monroe",2
"Conejos",2
"Venango",2
"Marshall",2
"Wapello",2
"Henry",2
"Clinton",2
"Wexford",2
"Belknap",2
"Knox",2
"Marion",2
"Rush",2
"Smith",2
"Monroe",2
"Lake",2
"Randolph",2
"Fulton",2
"Shelby",2
"Bartow",2
"Tioga",2
"Franklin",2
"Custer",2
"Hardeman",2
"Worth",2
"Monroe",2
"Carroll",2
"Russell",2
"Mitchell",2
"Gonzales",2
"Marshall",2
"Wise",2
"Potter",2
"Lamb",2
"Fayette",2
"Archer",2
"Baker",2
"Ware",2
"Kenosha",2
"La Crosse",2
"Aurora",2
"Codington",2
"Lafayette",2
"Hughes",2
"Douglas",2
"Pend Oreille",2
"Warren",2
"Pope",2
"Hardin",2
"Cass",2
"Union",2
"Ida",2
"Hamilton",2
"Madison",2
"Wright",2
"Chickasaw",2
"Clark",2
"Republic",2
"Hardeman",2
"Grant",2
"McKinley",2
"Eddy",2
"Wallowa",2
"Pine",2
"Toole",2
"Yankton",2
"Nemaha",2
"Richardson",2
"Brunswick",2
"Brown",2
"Bonner",2
"Fayette",2
"Pottawattamie",2
"Marion",2
"Pike",2
"Winneshiek",2
"Washington",2
"Gallia",2
"Sussex",2
"Franklin",2
"Hart",2
"Floyd",2
"Winnebago",2
"LaPorte",2
"Crawford",2
"Goochland",2
"Crawford",2
"Ashtabula",2
"Moffat",2
"Rio Blanco",2
"Harris",2
"Washburn",2
"Craighead",2
"Lawrence",2
"Baxter",2
"Dillon",2
"Sherman",2
"Marshall",2
"Virginia Beach",2
"Pitkin",2
"Shackelford",2
"Livingston",2
"Knox",2
"Tuscarawas",2
"Dakota",2
"Scotts Bluff",2
"Schleicher",2
"Osceola",2
"Ionia",2
"Marshall",2
"Noble",2
"Harrison",2
"Holt",2
"Buchanan",2
"Lafayette",2
"Boone",2
"Schoharie",2
"Furnas",2
"McCulloch",2
"Muskegon",2
"Cedar",2
"Clay",2
"Abbeville",2
"Webster",2
"Rice",2
"Boundary",2
"Jefferson",2
"Lapeer",2
"Barrow",2
"Carroll",2
"Taney",2
"Tallapoosa",2
"Stewart",2
"Laurens",2
"Gentry",2
"Payne",2
"Hardin",2
"Kimball",2
"Bleckley",2
"Hand",2
"Martin",2
"Tom Green",2
"O'Brien",2
"Dimmit",2
"Reno",2
"Buffalo",2
"Stanton",2
"Pershing",2
"Cedar",2
"West Baton Rouge",2
"Logan",2
"Harrisonburg",2
"Crow Wing",2
"Union",2
"Anoka",2
"Wyandot",2
"White",2
"Huron",2
"DeKalb",2
"Sweet Grass",2
"Stillwater",2
"Limestone",2
"Gogebic",2
"Marshall",2
"Gloucester",2
"Warrick",2
"Perry",2
"Chickasaw",2
"Stafford",2
"Kemper",2
"Hall",2
"St. Croix",2
"Dickey",2
"Lawrence",2
"Hancock",2
"Randolph",2
"Jo Daviess",2
"Seward",2
"Chilton",2
"McHenry",2
"Jackson",2
"Colquitt",2
"Louisa",2
"Albany",2
"McCracken",2
"Anderson",2
"Barber",2
"Coahoma",2
"St. Francis",2
"Madison",2
"Woods",2
"Macoupin",2
"San Miguel",1
"Habersham",1
"Clinton",1
"Wallace",1
"Shelby",1
"Plaquemines",1
"DeSoto",1
"Beaverhead",1
"Cheyenne",1
"Deuel",1
"Swain",1
"Pembina",1
"Choctaw",1
"Bon Homme",1
"Marion",1
"Essex",1
"Loudoun",1
"Berkeley",1
"Ouray",1
"Jackson",1
"Cook",1
"Warren",1
"Valley",1
"Grant",1
"Ohio",1
"Natchitoches",1
"Oscoda",1
"Chariton",1
"Meagher",1
"Broadwater",1
"Deer Lodge",1
"York",1
"Williamsburg",1
"Lyman",1
"Knox",1
"Humphreys",1
"Cheatham",1
"Dickens",1
"Kimble",1
"Titus",1
"Foard",1
"Duchesne",1
"Garfield",1
"Charlotte",1
"Highland",1
"Barbour",1
"Sauk",1
"Eau Claire",1
"Levy",1
"Walton",1
"Charlton",1
"Lemhi",1
"Nez Perce",1
"Madison",1
"Union",1
"Chicot",1
"Benton",1
"Routt",1
"Delaware",1
"Cass",1
"Walsh",1
"McKenzie",1
"Clatsop",1
"Pike",1
"Hawkins",1
"Monroe",1
"Blount",1
"Uintah",1
"Rich",1
"Washington",1
"Gila",1
"Harrison",1
"Plymouth",1
"Concordia",1
"Clarke",1
"Cook",1
"Norman",1
"Washington",1
"Claiborne",1
"New Madrid",1
"Butler",1
"Richland",1
"White Pine",1
"Bryan",1
"Emanuel",1
"Greene",1
"Talbot",1
"Boise",1
"Shelby",1
"Tipton",1
"Pawnee",1
"Scott",1
"Muhlenberg",1
"Rowan",1
"Evangeline",1
"Iberia",1
"Red River",1
"Morehouse",1
"Wetzel",1
"Wood",1
"Washington",1
"Sheridan",1
"Ouachita",1
"Clark",1
"Highlands",1
"Union",1
"Baldwin",1
"McMinn",1
"Rutherford",1
"Benton",1
"DeKalb",1
"Bedford",1
"Callahan",1
"Cherokee",1
"Martin",1
"Brooks",1
"Pennington",1
"Rankin",1
"Leake",1
"Perry",1
"Camden",1
"Silver Bow",1
"Seward",1
"Keya Paha",1
"McClain",1
"Union",1
"Northumberland",1
"Montgomery",1
"Terrebonne",1
"Calvert",1
"Emmet",1
"Benton",1
"Colleton",1
"Weakley",1
"Presidio",1
"Wise",1
"Buchanan",1
"Clallam",1
"Okanogan",1
"Effingham",1
"Door",1
"Woodruff",1
"Saguache",1
"Marion",1
"Stafford",1
"New Kent",1
"Roanoke",1
"Russell",1
"Dinwiddie",1
"King and Queen",1
"Tucker",1
"Washington",1
"Gibson",1
"Bath",1
"Caroline",1
"Harrison",1
"Nicholas",1
"Hernando",1
"Whitfield",1
"Idaho",1
"Jackson",1
"Dare",1
"Washington",1
"Wayne",1
"McCormick",1
"Charles Mix",1
"Cass",1
"Patrick",1
"Hancock",1
"Stark",1
"Taylor",1
"Bourbon",1
"McCone",1
"Lake",1
"Grant",1
"Clarion",1
"Juniata",1
"Newberry",1
"Bamberg",1
"Roane",1
"Jefferson",1
"Grainger",1
"Tyler",1
"Colorado",1
"Menard",1
"Fremont",1
"Stanley",1
"Smith",1
"San Jacinto",1
"Van Zandt",1
"Freestone",1
"Attala",1
"Saunders",1
"Eureka",1
"Wagoner",1
"Raleigh",1
"Adams",1
"Choctaw",1
"Dallas",1
"Charlevoix",1
"Scott",1
"Lee",1
"Caroline",1
"Schuyler",1
"Rooks",1
"Laurel",1
"Pacific",1
"Arkansas",1
"Conway",1
"Lincoln",1
"Richland",1
"Charleston",1
"King George",1
"Pike",1
"Liberty",1
"Dorchester",1
"Adams",1
"DeKalb",1
"Middlesex",1
"St. Clair",1
"Park",1
"Scott",1
"Upshur",1
"Little River",1
"Sequoyah",1
"Greene",1
"Jefferson",1
"Jefferson",1
"Fayette",1
"Jerauld",1
"Jackson",1
"Goliad",1
"Jackson",1
"Seminole",1
"Whitley",1
"Sedgwick",1
"Alger",1
"Sevier",1
"Refugio",1
"Stoddard",1
"Gadsden",1
"Union",1
"Erie",1
"Parmer",1
"De Soto",1
"Glacier",1
"Telfair",1
"Howard",1
"Coweta",1
"Jackson",1
"Gwinnett",1
"Beadle",1
"Carroll",1
"Beauregard",1
"Childress",1
"Prince Edward",1
"Gulf",1
"Morgan",1
"Granite",1
"Red Lake",1
"Nacogdoches",1
"Escambia",1
"Randolph",1
"Hancock",1
"Seminole",1
"Dale",1
"Mason",1
"Jefferson",1
"Des Moines",1
"Cherokee",1
"Linn",1
"George",1
"Cass",1
"Platte",1
"Clark",1
"Harlan",1
"Cass",1
"Gage",1
"Barton",1
"Henry",1
"Coryell",1
"Clark",1
"Franklin",1
"Duval",1
"Jones",1
"Hardin",1
"La Salle",1
"Clay",1
"Limestone",1
"Mason",1
"Fannin",1
"Emporia",1
"Thomas",1
"Teton",1
"Payette",1
"Johnston",1
"Cherokee",1
"Portage",1
"Perry",1
"Carroll",1
"Elk",1
"Faulk",1
"Bailey",1
"Rio Grande",1
"Cheyenne",1
"Lanier",1
"Decatur",1
"Franklin",1
"Carson City",1
"Carroll",1
"Shelby",1
"Clare",1
"Putnam",1
"Lincoln",1
"Polk",1
"Jefferson",1
"Fayette",1
"Gove",1
"Brown",1
"Cloud",1
"Elk",1
"Clay",1
"Norfolk",1
"Geary",1
"Ellsworth",1
"Portsmouth",1
"Osborne",1
"Russell",1
"Forrest",1
"Lawrence",1
"Columbiana",1
"Garfield",1
"Mercer",1
"Mason",1
"Daviess",1
"Mercer",1
"Susquehanna",1
"Dawson",1
"Fulton",1
"Woodford",1
"Jasper",1
"Johnson",1
"Campbell",1
"Kinney",1
"Wilson",1
"Wichita",1
"Hancock",1
"Piatt",1
"Trimble",1
"Hamilton",1
"Otero",1
"Racine",1
"Hamilton",1
"Jim Wells",1
"Donley",1
"Douglas",1
"Grant",1
"Pulaski",1
"Pierce",1
"Hancock",1
"Kewaunee",1
"Davison",1
"Kingsbury",1
"Peach",1
"Alexandria",1
"Coles",1
"Randolph",1
"Candler",1
"Jasper",1
"Wells",1
"Rush",1
"Stone",1
"Saline",1
"Sequatchie",1
"Gem",1
"Jefferson",1
"Cleburne",1
"Benton",1
"Scott",1
"Jackson",1
"Dickinson",1
"Meade",1
"Warren",1
"Carroll",1
"Campbell",1
"Bracken",1
"Walthall",1
"Love",1
"Tillamook",1
"Walker",1
"Ellis",1
"Ralls",1
"Lincoln",1
"Daggett",1
"Red Willow",1
"Forsyth",1
"Jefferson",1
"Greene",1
"Bristol",1
"Schoolcraft",1
"Butte",1
"Decatur",1
"Benewah",1
"Obion",1
"Appanoose",1
"Bowman",1
"Emmons",1
"Henderson",1
"Decatur",1
"Burke",1
"Richmond",1
"Appomattox",1
"Cochran",1
"Clay",1
"Ochiltree",1
"Green Lake",1
"Hampton",1
"Monroe",1
"Grayson",1
"Washington",1
"Allamakee",1
"Jefferson",1
"St. Johns",1
"Chattahoochee",1
"Texas",1
"Taylor",1
"Waushara",1
"Clay",1
"Adams",1
"Stewart",1
"Grand Isle",1
"Giles",1
"Minnehaha",1
"Laclede",1
"Garfield",1
"Greeley",1
"Jim Hogg",1
"Ransom",1
"Washington",1
"Cherry",1
"Midland",1
"Licking",1
"Pickaway",1
"Lehigh",1
"Rolette",1
"Delaware",1
"Greene",1
"Clinton",1
"Montour",1
"Sherman",1
"Beltrami",1
"Swift",1
"McIntosh",1
"Grant",1
"Pittsburg",1
"Cherokee",1
"Phillips",1
"Wright",1
"Reynolds",1
"Montgomery",1
"Johnson",1
"Carter",1
"Marengo",1
"Van Buren",1
"Jones",1
"Panola",1
"Madison",1
"Major",1
"Sunflower",1
"De Baca",1
"Butler",1
"Polk",1
"Valley",1
"Phelps",1
"Keith",1
"Midland",1
"Comanche",1
"Real",1
"Frontier",1
"Fillmore",1
"Briscoe",1
"Minidoka",1
"Dubois",1
"Knox",1
"Marion",1
"Marshall",1
"Meigs",1
"Fall River",1
"Reagan",1
"Shelby",1
"Mahaska",1
"Monroe",1
"Elbert",1
"Kingman",1
"Lincoln",1
"Deaf Smith",1
"Vernon",1
"Marion",1
"Morgan",1
"Haskell",1
"Adams",1
"Elko",1
"Douglas",1
"Lyon",1
"Kalkaska",1
"Howard",1
"Moultrie",1
"Lincoln",1
"Ontonagon",1
"Richland",1
"Pike",1
"Stevens",1
"Cheshire",1
"Karnes",1
"Brown",1
"Nantucket",1
"Jenkins",1
"Madison",1
"Linn",1
"Christian",1
"Golden Valley",1
"Hays",1
"Thurston",1
"Morgan",1
"Irion",1
"Sevier",1
"Brown",1
"Page",1
"Los Alamos",1
"Lawrence",1
"Brule",1
"Johnson",1
"Eastland",1
"Atascosa",1
"Stark",1
"Buena Vista",1
"Gregg",1
"Franklin",1
"Logan",1
"Ottawa",1
"Somervell",1
"Hemphill",1
"Clark",1
"Guernsey",1
"Jefferson Davis",1
"Rogers",1
"Santa Fe",1
"Pulaski",1
"Jackson",1
"Miller",1
"Benton",1
"Crawford",1
"Wythe",1
"Becker",1
"Mille Lacs",1
"LaMoure",1
"Pierce",1
"Day",1
"Stark",1
"Turner",1
"Lamar",1
"Franklin",1
"Adams",1
"Pendleton",1
"Mecosta",1
"Catron",1
"LaGrange",1
"Highland",1
"Greer",1
"Logan",1
"Wabash",1
"Uvalde",1
"Fallon",1
"Russell",1
"Hardin",1
"Shenandoah",1
"Henderson",1
"Lyon",1
"Oceana",1
"Madison",1
"Scioto",1
"Waukesha",1
"Guadalupe",1
"Hettinger",1
"Muskingum",1
"Vinton",1
"Custer",1
"Scotland",1
"Monroe",1
"Livingston",1
"Skamania",1
"Pushmataha",1
"Palo Pinto",1
"Crowley",1
"Macon",1
"Sarasota",1
"Lawrence",1
"Potter",1
"McIntosh",1
"Crittenden",1
"Lincoln",1
"Lawrence",1
"Hancock",1
"Barren",1
"Switzerland",1
"Dearborn",1
"Simpson",1
"Oldham",1
"Okfuskee",1
"Butts",1
"Buchanan",1
"Franklin",1
"Trego",1
"Clarke",1
"Waller",1
"Warren",1
"Montgomery",1
"Graham",1
"Grady",1
"Bourbon",1
"Hodgeman",1
"Carroll",1
"Kendall",1
"Green",1
"Mahoning",1
"Lincoln",1
"Bristol",1
"Chambers",1
"Baldwin",0
"Barbour",0
"Sumter",0
"Miller",0
"Sevier",0
"Alpine",0
"Franklin",0
"Jefferson",0
"Shoshone",0
"Graham",0
"Etowah",0
"Harlan",0
"Conecuh",0
"Grand Traverse",0
"Wilkinson",0
"Lincoln",0
"Valley",0
"Ashe",0
"Grand Forks",0
"Curry",0
"Union",0
"McPherson",0
"Johnson",0
"Hudspeth",0
"Red River",0
"Island",0
"McDowell",0
"Cabell",0
"Morgan",0
"Lonoke",0
"Nevada",0
"Delta",0
"San Juan",0
"Butte",0
"Cass",0
"Delaware",0
"Brown",0
"Perry",0
"Johnson",0
"Edmonson",0
"Wolfe",0
"St. Martin",0
"Catahoula",0
"Union",0
"Humphreys",0
"Dent",0
"Powell",0
"Gallatin",0
"Mora",0
"Yancey",0
"Wilkes",0
"Holmes",0
"Coal",0
"Kiowa",0
"Clinton",0
"Sumter",0
"Meade",0
"Hamlin",0
"Crockett",0
"Anderson",0
"Walker",0
"Lee",0
"Leon",0
"Camp",0
"Trinity",0
"Washington",0
"Augusta",0
"Orange",0
"Wyoming",0
"Lewis",0
"Arthur",0
"Billings",0
"Dixie",0
"Madison",0
"Phillips",0
"Sebastian",0
"Randolph",0
"Carteret",0
"Athens",0
"Claiborne",0
"Giles",0
"Bowie",0
"Hartley",0
"Dickenson",0
"Pulaski",0
"Wabash",0
"Union",0
"Cullman",0
"Henderson",0
"Macon",0
"Pike",0
"Blount",0
"Bell",0
"Lewis",0
"Tangipahoa",0
"East Carroll",0
"Vernon",0
"West Carroll",0
"East Feliciana",0
"Crenshaw",0
"Hale",0
"St. Mary's",0
"Presque Isle",0
"Wilkin",0
"Lake of the Woods",0
"Marshall",0
"Adams",0
"Noxubee",0
"Tunica",0
"St. Louis",0
"Ravalli",0
"Phillips",0
"Blaine",0
"Gilmer",0
"McDuffie",0
"Brantley",0
"Toombs",0
"Wilkes",0
"Treutlen",0
"Marion",0
"Crawford",0
"Baker",0
"Custer",0
"Washington",0
"Lucas",0
"Riley",0
"Nelson",0
"Grayson",0
"Caldwell",0
"Morgan",0
"Marion",0
"Butler",0
"Hopkins",0
"Knox",0
"Owen",0
"Floyd",0
"Nicholas",0
"Bath",0
"Hart",0
"Magoffin",0
"Powell",0
"Elliott",0
"LaSalle",0
"Bossier",0
"Franklin",0
"Grant",0
"Caldwell",0
"Northumberland",0
"San Juan",0
"Kitsap",0
"Ferry",0
"Mingo",0
"Monroe",0
"Tyler",0
"Crawford",0
"Searcy",0
"Bradley",0
"Hinsdale",0
"Liberty",0
"Berrien",0
"Lincoln",0
"Sanborn",0
"Haakon",0
"Jones",0
"Jackson",0
"Dewey",0
"Moore",0
"Cumberland",0
"Coffee",0
"Dyer",0
"Hickman",0
"Cocke",0
"Perry",0
"Meigs",0
"Smith",0
"Swisher",0
"Hopkins",0
"Wood",0
"Coleman",0
"Burleson",0
"Runnels",0
"Rains",0
"Jeff Davis",0
"Ogemaw",0
"Copiah",0
"Leflore",0
"Tate",0
"Holmes",0
"Pettis",0
"Caldwell",0
"Daniels",0
"Garden",0
"Loup",0
"Tyrrell",0
"Benson",0
"Pawnee",0
"Pottawatomie",0
"Stephens",0
"Blaine",0
"Taliaferro",0
"Allen",0
"Letcher",0
"Calloway",0
"Sabine",0
"Keweenaw",0
"Kittson",0
"Holt",0
"Perry",0
"Mitchell",0
"Marshall",0
"Macon",0
"Aransas",0
"Grand",0
"Tazewell",0
"Weston",0
"Cleveland",0
"Custer",0
"Lunenburg",0
"Culpeper",0
"Falls Church",0
"Madison",0
"Covington",0
"Ritchie",0
"Randolph",0
"Braxton",0
"Gilmer",0
"Big Horn",0
"Pickens",0
"Lafayette",0
"Alexander",0
"Franklin",0
"Doddridge",0
"Calhoun",0
"Sublette",0
"King",0
"Screven",0
"Bear Lake",0
"Costilla",0
"Dolores",0
"Kane",0
"Fayette",0
"Oconee",0
"White",0
"Long",0
"Lewis",0
"Menard",0
"Calhoun",0
"Ness",0
"Madison",0
"Bullitt",0
"Breathitt",0
"Harrison",0
"Jackson",0
"Menifee",0
"Avoyelles",0
"Winn",0
"Montmorency",0
"Madison",0
"Chouteau",0
"Petroleum",0
"Wheeler",0
"Harding",0
"McDowell",0
"Champaign",0
"White",0
"Houston",0
"San Saba",0
"Shelby",0
"Madison",0
"Wayne",0
"Rappahannock",0
"Monroe",0
"Pierce",0
"Gibson",0
"Hamblen",0
"Marshall",0
"Delta",0
"Hockley",0
"San Augustine",0
"Motley",0
"Calhoun",0
"Hickory",0
"Garfield",0
"Ramsey",0
"Jackson",0
"Sullivan",0
"Roane",0
"Union",0
"Sioux",0
"Washington",0
"Pike",0
"Breckinridge",0
"Martin",0
"Whitley",0
"Crittenden",0
"Issaquena",0
"Mineral",0
"Montgomery",0
"Keokuk",0
"Knott",0
"Anderson",0
"Ballard",0
"Bienville",0
"Livingston",0
"St. Helena",0
"Pendleton",0
"Iron",0
"Lawrence",0
"Vermilion",0
"Robertson",0
"Sabine",0
"Warren",0
"St. Landry",0
"Missoula",0
"Grant",0
"Union",0
"Hooker",0
"Kleberg",0
"Comanche",0
"Tensas",0
"Pearl River",0
"Newton",0
"Clay",0
"Leslie",0
"Jefferson Davis",0
"Stone",0
"Pondera",0
"Thomas",0
"Perry",0
"Morris",0
"Loving",0
"Transylvania",0
"Josephine",0
"Scott",0
"Daviess",0
"Webster",0
"Lac qui Parle",0
"Wheeler",0
"Rockcastle",0
"Larue",0
"Dallas",0
"Mellette",0
"Maury",0
"Morgan",0
"Lauderdale",0
"Geauga",0
"Botetourt",0
"Nelson",0
"Del Norte",0
"Lincoln",0
"Lafourche",0
"McIntosh",0
"Renville",0
"Camas",0
"Edwards",0
"St. Tammany",0
"Cameron",0
"Wilson",0
"Caldwell",0
"Stephens",0
"Hardy",0
"Tripp",0
"Howard",0
"Owsley",0
"Washington",0
"York",0
"Edwards",0
"Hampshire",0
"Bayfield",0
"Faulkner",0
"Tipton",0
"Oglethorpe",0
"Wilcox",0
"Woodford",0
"Wayne",0
"Prairie",0
"Ziebach",0
"Grenada",0
"Lee",0
"Logan",0
"McCreary",0
"Fergus",0
"Williamson",0
"McMullen",0
"Franklin",0
"Marion",0
"Yuma",0
"Madison",0
"Wasco",0
"Bradford",0
"Albemarle",0
"Blackford",0
"Fentress",0
"Angelina",0
"Putnam",0
"Kidder",0
"Fredericksburg",0
"Worth",0
"Fleming",0
"Pocahontas",0
"Alcorn",0
"Sumter",0
"Greenlee",0
"Lamar",0
"Towns",0
"Hardin",0
"Crawford",0
"Haralson",0
"Chattooga",0
"Catoosa",0
"Dade",0
"Chautauqua",0
"Clinton",0
"Meade",0
"Coffee",0
"Union",0
"Ohio",0
"Sioux",0
"Antrim",0
"Traverse",0
"Greene",0
"Tishomingo",0
"Claiborne",0
"Bullock",0
"Mackinac",0
"Marion",0
"Mercer",0
"Sheridan",0
"Dundy",0
"Pawnee",0
"Stone",0
"Park",0
"McDonald",0
"Spink",0
"Latimer",0
"McCook",0
"Washakie",0
"Milam",0
"Niobrara",0
"Lampasas",0
"Rockwall",0
"Alleghany",0
"Kerr",0
"Roberts",0
"Edwards",0
"Decatur",0
"Armstrong",0
"Sutton",0
"Van Buren",0
"Overton",0
"Smyth",0
"Floyd",0
"Rockbridge",0
"Staunton",0
"Nottoway",0
"Charlottesville",0
"Fairfax",0
"Carroll",0
"Watauga",0
"Webster",0
"Stephens",0
"Clay",0
"Calumet",0
"Quitman",0
"Eddy",0
"Hughes",0
"Harmon",0
"Marion",0
"Logan",0
"Wells",0
"Dunn",0
"Scott",0
"Modoc",0
"Jefferson",0
"Columbia",0
"Kiowa",0
"Sully",0
"Lipscomb",0
"Sharp",0
"Washington",0
"Jones",0
"Calhoun",0
"Mineral",0
"Glades",0
"Noble",0
"Lee",0
"Richland",0
"Merrick",0
"Clay",0
"Kearney",0
"Starke",0
"Clinton",0
"Franklin",0
"Orange",0
"Assumption",0
"Perkins",0
"Butler",0
"Gladwin",0
"Lake",0
"Washington",0
"Jefferson",0
"Union",0
"Aitkin",0
"Avery",0
"Schuyler",0
"Kearny",0
"Prentiss",0
"Slope",0
"Woodson",0
"Webster",0
"Oktibbeha",0
"Yalobusha",0
"Jasper",0
"Adams",0
"Wahkiakum",0
"Hamilton",0
"Gallatin",0
"Jefferson",0
"Clermont",0
"Franklin",0
"Casey",0
"Andrew",0
"Warren",0
"Spencer",0
"Carter",0
"Adair",0
"Monroe",0
"Knox",0
"Washington",0
"Carter",0
"Bollinger",0
"Hancock",0
"Ohio",0
"Brooke",0
"Clinch",0
"Treasure",0
"Gregory",0
"Lumpkin",0
"Phelps",0
"Hamilton",0
"Esmeralda",0
"Terrell",0
"Yell",0
"Poinsett",0
"Huntington",0
"Kosciusko",0
"Fulton",0
"Rawlins",0
"Trigg",0
"Parker",0
"Medina",0
"Robertson",0
"Wabaunsee",0
"Cumberland",0
"Jessamine",0
"Blanco",0
"Boyle",0
"Montgomery",0
"Bandera",0
"Henry",0
"Carlisle",0
"Jackson",0
"Gordon",0
"McLean",0
"Walworth",0
"Edgefield",0
"St. John the Baptist",0
"Barry",0
"Metcalfe",0
"Newport News",0
"Hanson",0
"Douglas",0
"Crisp",0
"Pickens",0
"Poquoson",0
"Scott",0
"Miner",0
"Johnson",0
"Dodge",0
"Mathews",0
"Arlington",0
"Bradley",0
"Pulaski",0
"Glascock",0
"Asotin",0
"Crook",0
"Dickson",0
"Carroll",0
"Banks",0
"Atkinson",0
"Pulaski",0
"Boone",0
"Lewis",0
"Putnam",0
"Grant",0
"Lake",0
"Grundy",0
"Montgomery",0
"Trousdale",0
"Liberty",0
"Clarke",0
"Teller",0
"Bartholomew",0
"Chase",0
"Jefferson",0
"Beckham",0
"Adair",0
"Doniphan",0
"Cimarron",0
"Labette",0
"Graves",0
"Hickman",0
"Allen",0
"Atchison",0
"Lawrence",0
"Roseau",0
"Evans",0
"Ottawa",0
"Coosa",0
"Hancock",0
"Spalding",0
"Rockdale",0
"Cameron",0
"Monroe",0
"Oregon",0
"Mississippi",0
"Houston",0
"Crawford",0
"McKean",0
"Powder River",0
"Chase",0
"Nuckolls",0
"Irwin",0
"Bennett",0
"Moody",0
"Corson",0
"Douglas",0
"Houghton",0
"Oneida",0
"Crawford",0
"Wayne",0
"Wayne",0
"Monona",0
"Arenac",0
"Lawrence",0
"Lawrence",0
"Mercer",0
"Bottineau",0
"Pickett",0
"Unicoi",0
"Pope",0
"Jersey",0
"Brown",0
"Greene",0
"Lynchburg",0
"Roberts",0
"Oglala Lakota",0
"Taylor",0
"Waynesboro",0
"Latah",0
"Shawano",0
"Newton",0
"Buena Vista",0
"Morton",0
"Upshur",0
"Summers",0
"Geneva",0
"Fayette",0
"Polk",0
"Cumberland",0
"Radford",0
"Preble",0
"Lee",0
"Bland",0
"Norton",0
"Belmont",0
"Phillips",0
"Alfalfa",0
"Nowata",0
"Coos",0
"Menominee",0
"Massac",0
"Walker",0
"Echols",0
"Marshall",0
"Archuleta",0
"Golden Valley",0
"Towner",0
"Todd",0
"Gaines",0
"Sargent",0
"Jackson",0
"Fulton",0
"Delaware",0
"Newton",0
"Cross",0
"Broomfield",0
"Winchester",0
"Petersburg",0
"Garza",0
"Zavala",0
"McPherson",0
"Hayes",0
"Banner",0
"Warren",0
"Lincoln",0
"Roscommon",0
"Harrison",0
"Allen",0
"Divide",0
"Morrow",0
"Leavenworth",0
"Pike",0
"Todd",0
"Clinton",0
"Pontotoc",0
"Ray",0
"Creek",0
"Atoka",0
"Okmulgee",0
"Bibb",0
"Winston",0
"Lee",0
"Marion",0
"Dade",0
"Wayne",0
"Benzie",0
"Lincoln",0
"Shannon",0
"Cotton",0
"Haskell",0
"Big Stone",0
"Sharkey",0
"Simpson",0
"Musselshell",0
"Wibaux",0
"Amite",0
"Wayne",0
"Franklin",0
"Ripley",0
"Ste. Genevieve",0
"Cooper",0
"Howard",0
"Sherman",0
"Hill",0
"Perry",0
"Polk",0
"Osage",0
"Pierce",0
"Dawes",0
"Rock",0
"Hamilton",0
"Crawford",0
"Henry",0
"Webster",0
"Live Oak",0
"Fisher",0
"Butler",0
"Owen",0
"Dallas",0
"Morrill",0
"Coshocton",0
"Schley",0
"Union",0
"Butler",0
"Chester",0
"Bolivar",0
"Itawamba",0
"Piute",0
"Bond",0
"Holmes",0
"Columbia",0
"Jasper",0
"Green",0
"Allen",0
"Morris",0
"Pike",0
"Perkins",0
"Edgar",0
"Boyd",0
"Van Buren",0
"Norton",0
"Preston",0
"Greene",0
"Lincoln",0
"Newton",0
"Lewis",0
"Goshen",0
"Van Buren",0
"Montgomery",0
"Bedford",0
"Pemiscot",0
"Iron",0
"Ringgold",0
"Ozark",0
"Harrison",0
"Craig",0
"Drew",0
"Gilpin",0
"Harrison",0
"Wheeler",0
"Dawson",0
"Todd",0
"Lake",0
"Jackson",0
"Fountain",0
"Logan",0
"Lane",0
"Christian",0
"Boyd",0
"Wheeler",0
"Colonial Heights",0
"Logan",0
"Texas",0
"Dooly",0
"Morgan",0
"Lincoln",0
"Cannon",0
"Coffee",0
"Fulton",0
"Flagler",0
"Carroll",0
"Hall",0
"Washington",0
"Johnson",0
"Putnam",0
"Paulding",0
"Edmunds",0
"Hutchinson",0
"Jennings",0
"Fayette",0
"Ripley",0
"Parke",0
"Fulton",0
"Pike",0
"Potter",0
"Lavaca",0
"Nelson",0
"Mountrail",0
"Dallas",0
"Humboldt",0
"Cottle",0
"Montague",0
"Terry",0
"Sheridan",0
"Noble",0
"Saline",0
"Carter",0
"Prairie",0
"Colfax",0
"Gray",0
"Stonewall",0
"Ashland",0
"Union",0
"Scott",0
"Jefferson",0
"Sheridan",0
"Greeley",0
"Box Butte",0
"Wadena",0
"Neshoba",0
"Pontotoc",0
"Garvin",0
"Montgomery",0
"Cumberland",0
"Tallahatchie",0
"Adair",0
"Sullivan",0
"Mifflin",0
"Luce",0
"Craig",0
"Galax",0
"Clearwater",0
"Foster",0
"Webster",0
"Marquette",0
"Hot Springs",0
"Clay",0
"Tippah",0
"Quitman",0
"Hocking",0
"Custer",0
"Buffalo",0
"Floyd",0
"Scott",0
"Newton",0
"Douglas",0
"Fayette",0
"Harding",0
"Clayton",0
"Covington",0
"Martinsville",0
"Johnson",0
"St. Clair",0
"Gasconade",0
"Logan",0
"Lafayette",0
"Griggs",0
"Bingham",0
"Winston",0
"Steuben",0
"Tillman",0
"Campbell",0
"Jefferson",0
"Henry",0
"Clay",0
"Hall",0
"Manassas Park",0
"Henry",0
"Mills",0
"Hitchcock",0
"Grant",0
"Walworth",0
"Ozaukee",0
"Waupaca",0
"Pepin",0
"Cleburne",0
"Ben Hill",0
"Miller",0
"Maries",0
"Warren",0
"Calhoun",0
"Izard",0
"Jones",0
"Roanoke",0
"Forest",0
"Turner",0
"Blaine",0
"Nance",0
"Boone",0
"Fairfield",0
"Kendall",0
"Panola",0
"Gillespie",0
"Dallam",0
"Stanton",0
"Gallatin",0
"Harvey",0
"Fremont",0
"Jewell",0
"Saline",0
"Clarke",0
"Mercer",0
"Morgan",0
"Bacon",0
"Madison",0
"Barry",0
"Forest",0
"Boone",0
"Langlade",0
"Henderson",0
"Collingsworth",0
"Tift",0
"Perry",0
"Bledsoe",0
"Monroe",0
"DeWitt",0
"Hubbard",0
"Sheridan",0
"Lafayette",0
"Vilas",0
"Smith",0
"Socorro",0
"Williamsburg",0
"Sioux",0
"Clay",0
"Moniteau",0
"Cherokee",0
"Greenwood",0
"Lexington",0
"Wirt",0
"Houston",0
"Mahnomen",0
"Wayne",0
